Wteam,Lteam,Wloc
Milwaukee Bucks,Brooklyn Nets,H
Golden State Warriors,Los Angeles Lakers,V
Charlotte Hornets,Indiana Pacers,H
Chicago Bulls,Detroit Pistons,V
New York Knicks,Boston Celtics,H
Washington Wizards,Toronto Raptors,V
Memphis Grizzlies,Cleveland Cavaliers,H
Minnesota Timberwolves,Houston Rockets,H
Philadelphia 76ers,New Orleans Pelicans,V
San Antonio Spurs,Orlando Magic,H
Utah Jazz,Oklahoma City Thunder,H
Sacramento Kings,Portland Trail Blazers,V
Denver Nuggets,Phoenix Suns,V
Atlanta Hawks,Dallas Mavericks,H
Miami Heat,Milwaukee Bucks,H
Golden State Warriors,Los Angeles Clippers,H
New York Knicks,Orlando Magic,V
Washington Wizards,Indiana Pacers,H
Charlotte Hornets,Cleveland Cavaliers,V
Toronto Raptors,Boston Celtics,V
Brooklyn Nets,Philadelphia 76ers,V
Houston Rockets,Oklahoma City Thunder,H
Chicago Bulls,New Orleans Pelicans,H
Denver Nuggets,San Antonio Spurs,H
Phoenix Suns,Los Angeles Lakers,V
Utah Jazz,Sacramento Kings,V
Cleveland Cavaliers,Atlanta Hawks,H
Indiana Pacers,Miami Heat,H
Dallas Mavericks,Toronto Raptors,V
Chicago Bulls,Detroit Pistons,H
Minnesota Timberwolves,New Orleans Pelicans,H
Milwaukee Bucks,San Antonio Spurs,V
Portland Trail Blazers,Phoenix Suns,H
Memphis Grizzlies,Los Angeles Clippers,V
Charlotte Hornets,Brooklyn Nets,V
Boston Celtics,Houston Rockets,V
Orlando Magic,New York Knicks,V
Philadelphia 76ers,Oklahoma City Thunder,V
Golden State Warriors,Sacramento Kings,V
Los Angeles Lakers,Memphis Grizzlies,H
Boston Celtics,Charlotte Hornets,V
Milwaukee Bucks,Indiana Pacers,V
Chicago Bulls,Toronto Raptors,V
Miami Heat,Orlando Magic,H
Brooklyn Nets,Washington Wizards,H
Atlanta Hawks,Detroit Pistons,H
New Orleans Pelicans,Minnesota Timberwolves,V
Cleveland Cavaliers,Denver Nuggets,V
Los Angeles Clippers,Portland Trail Blazers,H
New York Knicks,Philadelphia 76ers,H
Golden State Warriors,Oklahoma City Thunder,V
Los Angeles Lakers,San Antonio Spurs,V
Dallas Mavericks,Houston Rockets,H
Utah Jazz,Denver Nuggets,H
Charlotte Hornets,Orlando Magic,V
Washington Wizards,Boston Celtics,V
Miami Heat,Brooklyn Nets,V
Toronto Raptors,Indiana Pacers,H
Atlanta Hawks,New Orleans Pelicans,V
Minnesota Timberwolves,Milwaukee Bucks,V
Oklahoma City Thunder,Los Angeles Lakers,H
Sacramento Kings,Phoenix Suns,V
Portland Trail Blazers,Memphis Grizzlies,H
Cleveland Cavaliers,Los Angeles Clippers,V
Washington Wizards,Atlanta Hawks,H
Philadelphia 76ers,Detroit Pistons,H
Utah Jazz,Houston Rockets,V
New York Knicks,Chicago Bulls,V
Dallas Mavericks,San Antonio Spurs,H
Memphis Grizzlies,Golden State Warriors,V
Toronto Raptors,Orlando Magic,H
Miami Heat,Charlotte Hornets,H
Brooklyn Nets,Indiana Pacers,H
Sacramento Kings,New Orleans Pelicans,V
Denver Nuggets,Dallas Mavericks,H
Portland Trail Blazers,Los Angeles Clippers,H
Los Angeles Lakers,Cleveland Cavaliers,H
Washington Wizards,Boston Celtics,H
Detroit Pistons,Orlando Magic,H
New York Knicks,New Orleans Pelicans,V
Toronto Raptors,Indiana Pacers,V
Philadelphia 76ers,Atlanta Hawks,H
Chicago Bulls,Utah Jazz,H
Miami Heat,Memphis Grizzlies,V
San Antonio Spurs,Milwaukee Bucks,V
Golden State Warriors,Oklahoma City Thunder,H
Denver Nuggets,Minnesota Timberwolves,V
Phoenix Suns,Cleveland Cavaliers,H
Dallas Mavericks,Sacramento Kings,H
Charlotte Hornets,Portland Trail Blazers,H
Utah Jazz,Milwaukee Bucks,V
Brooklyn Nets,Detroit Pistons,H
Los Angeles Lakers,Houston Rockets,H
Cleveland Cavaliers,Charlotte Hornets,V
Indiana Pacers,San Antonio Spurs,H
Philadelphia 76ers,Portland Trail Blazers,H
Atlanta Hawks,Washington Wizards,H
Chicago Bulls,Boston Celtics,V
Toronto Raptors,New York Knicks,V
Memphis Grizzlies,Denver Nuggets,H
Orlando Magic,Minnesota Timberwolves,V
Los Angeles Clippers,Oklahoma City Thunder,H
Milwaukee Bucks,Detroit Pistons,V
Miami Heat,Dallas Mavericks,V
Utah Jazz,Sacramento Kings,H
Phoenix Suns,New Orleans Pelicans,H
Los Angeles Lakers,Houston Rockets,H
Cleveland Cavaliers,Portland Trail Blazers,H
Indiana Pacers,New York Knicks,H
Boston Celtics,Orlando Magic,V
Philadelphia 76ers,Chicago Bulls,H
Toronto Raptors,Washington Wizards,V
Brooklyn Nets,Atlanta Hawks,H
Memphis Grizzlies,Denver Nuggets,H
Los Angeles Clippers,Minnesota Timberwolves,V
Dallas Mavericks,San Antonio Spurs,V
Golden State Warriors,Charlotte Hornets,H
Sacramento Kings,New Orleans Pelicans,H
Philadelphia 76ers,Detroit Pistons,V
Utah Jazz,Atlanta Hawks,V
Boston Celtics,Miami Heat,V
Phoenix Suns,Houston Rockets,H
Oklahoma City Thunder,Los Angeles Lakers,V
Brooklyn Nets,Detroit Pistons,V
San Antonio Spurs,Orlando Magic,V
Washington Wizards,Memphis Grizzlies,H
New York Knicks,Milwaukee Bucks,V
Cleveland Cavaliers,Toronto Raptors,V
Los Angeles Clippers,Minnesota Timberwolves,V
Golden State Warriors,New Orleans Pelicans,H
Portland Trail Blazers,Indiana Pacers,H
Sacramento Kings,Charlotte Hornets,H
Denver Nuggets,Houston Rockets,H
Miami Heat,Utah Jazz,H
Philadelphia 76ers,Chicago Bulls,V
Dallas Mavericks,Boston Celtics,H
Phoenix Suns,Atlanta Hawks,H
Portland Trail Blazers,Los Angeles Lakers,H
Brooklyn Nets,Toronto Raptors,V
Cleveland Cavaliers,New York Knicks,V
Orlando Magic,Utah Jazz,H
Indiana Pacers,Sacramento Kings,V
Washington Wizards,Milwaukee Bucks,H
Oklahoma City Thunder,San Antonio Spurs,H
Golden State Warriors,Houston Rockets,H
Los Angeles Clippers,Charlotte Hornets,H
New York Knicks,Philadelphia 76ers,V
Chicago Bulls,Brooklyn Nets,H
Memphis Grizzlies,Minnesota Timberwolves,H
Dallas Mavericks,New Orleans Pelicans,H
Denver Nuggets,Miami Heat,H
Golden State Warriors,Atlanta Hawks,H
Phoenix Suns,Sacramento Kings,V
Los Angeles Lakers,Charlotte Hornets,H
Milwaukee Bucks,Philadelphia 76ers,V
Utah Jazz,Atlanta Hawks,H
Los Angeles Clippers,Portland Trail Blazers,H
Washington Wizards,Cleveland Cavaliers,V
Brooklyn Nets,Orlando Magic,V
Boston Celtics,Toronto Raptors,H
Detroit Pistons,Houston Rockets,V
Milwaukee Bucks,New York Knicks,V
Chicago Bulls,Dallas Mavericks,H
Charlotte Hornets,Memphis Grizzlies,V
Oklahoma City Thunder,New Orleans Pelicans,V
San Antonio Spurs,Sacramento Kings,H
Denver Nuggets,Indiana Pacers,H
Phoenix Suns,Portland Trail Blazers,H
Golden State Warriors,Minnesota Timberwolves,H
Los Angeles Lakers,Miami Heat,H
Toronto Raptors,Philadelphia 76ers,V
Indiana Pacers,Utah Jazz,V
Los Angeles Clippers,Miami Heat,H
Charlotte Hornets,New York Knicks,H
Boston Celtics,Milwaukee Bucks,H
Cleveland Cavaliers,Detroit Pistons,H
Portland Trail Blazers,Houston Rockets,V
Phoenix Suns,Memphis Grizzlies,V
Brooklyn Nets,New Orleans Pelicans,V
Oklahoma City Thunder,Sacramento Kings,H
Dallas Mavericks,San Antonio Spurs,V
Denver Nuggets,Atlanta Hawks,H
Golden State Warriors,Chicago Bulls,H
Minnesota Timberwolves,Los Angeles Lakers,V
Miami Heat,Utah Jazz,V
Indiana Pacers,Philadelphia 76ers,H
New Orleans Pelicans,Memphis Grizzlies,H
Washington Wizards,Orlando Magic,V
Detroit Pistons,Toronto Raptors,V
Cleveland Cavaliers,Boston Celtics,H
Los Angeles Clippers,Minnesota Timberwolves,H
Los Angeles Lakers,San Antonio Spurs,H
Atlanta Hawks,Milwaukee Bucks,H
Charlotte Hornets,Golden State Warriors,H
Phoenix Suns,Houston Rockets,V
Brooklyn Nets,Oklahoma City Thunder,V
Denver Nuggets,Portland Trail Blazers,H
Chicago Bulls,Los Angeles Clippers,V
Boston Celtics,Cleveland Cavaliers,V
Sacramento Kings,Detroit Pistons,V
Washington Wizards,New Orleans Pelicans,H
Atlanta Hawks,Orlando Magic,H
New York Knicks,Indiana Pacers,H
Dallas Mavericks,Denver Nuggets,H
Memphis Grizzlies,Houston Rockets,H
Phoenix Suns,Minnesota Timberwolves,V
Miami Heat,Oklahoma City Thunder,V
Portland Trail Blazers,Toronto Raptors,H
Chicago Bulls,Los Angeles Lakers,V
Golden State Warriors,Brooklyn Nets,V
Utah Jazz,Philadelphia 76ers,H
Los Angeles Clippers,San Antonio Spurs,H
Charlotte Hornets,Washington Wizards,H
Detroit Pistons,Indiana Pacers,H
Atlanta Hawks,Boston Celtics,H
Brooklyn Nets,Cleveland Cavaliers,H
Miami Heat,New Orleans Pelicans,H
Milwaukee Bucks,Los Angeles Lakers,H
Orlando Magic,New York Knicks,V
Minnesota Timberwolves,Sacramento Kings,H
Oklahoma City Thunder,Houston Rockets,H
Phoenix Suns,Dallas Mavericks,H
Portland Trail Blazers,Chicago Bulls,H
Golden State Warriors,Cleveland Cavaliers,V
Miami Heat,Washington Wizards,H
Memphis Grizzlies,Los Angeles Clippers,H
Minnesota Timberwolves,San Antonio Spurs,H
Philadelphia 76ers,Denver Nuggets,V
Utah Jazz,Toronto Raptors,H
Charlotte Hornets,Indiana Pacers,H
Golden State Warriors,Detroit Pistons,V
Boston Celtics,Los Angeles Lakers,H
Brooklyn Nets,Orlando Magic,H
Milwaukee Bucks,Oklahoma City Thunder,H
New Orleans Pelicans,Los Angeles Clippers,H
Chicago Bulls,Denver Nuggets,V
Phoenix Suns,Dallas Mavericks,H
Toronto Raptors,Sacramento Kings,V
New York Knicks,Houston Rockets,H
Indiana Pacers,New Orleans Pelicans,H
Washington Wizards,Miami Heat,H
Atlanta Hawks,Charlotte Hornets,H
Boston Celtics,Oklahoma City Thunder,H
Milwaukee Bucks,Orlando Magic,H
Minnesota Timberwolves,Memphis Grizzlies,H
Portland Trail Blazers,Philadelphia 76ers,H
Utah Jazz,Sacramento Kings,V
Los Angeles Clippers,Dallas Mavericks,H
Los Angeles Lakers,Detroit Pistons,V
Chicago Bulls,New York Knicks,H
Phoenix Suns,Denver Nuggets,H
Golden State Warriors,Toronto Raptors,H
Brooklyn Nets,Cleveland Cavaliers,V
Charlotte Hornets,Washington Wizards,V
Atlanta Hawks,Oklahoma City Thunder,H
Boston Celtics,Houston Rockets,H
Indiana Pacers,Chicago Bulls,V
Milwaukee Bucks,Orlando Magic,H
Minnesota Timberwolves,New Orleans Pelicans,V
Phoenix Suns,San Antonio Spurs,V
Memphis Grizzlies,Utah Jazz,V
Philadelphia 76ers,Sacramento Kings,V
Miami Heat,Detroit Pistons,V
New York Knicks,Los Angeles Lakers,H
Portland Trail Blazers,Denver Nuggets,H
Dallas Mavericks,Los Angeles Clippers,V
Phoenix Suns,Cleveland Cavaliers,V
Los Angeles Lakers,Indiana Pacers,V
Charlotte Hornets,Orlando Magic,V
Brooklyn Nets,Boston Celtics,V
Houston Rockets,Chicago Bulls,H
Toronto Raptors,Memphis Grizzlies,V
Milwaukee Bucks,Detroit Pistons,H
Minnesota Timberwolves,Miami Heat,H
New Orleans Pelicans,Washington Wizards,H
Utah Jazz,Oklahoma City Thunder,V
Atlanta Hawks,San Antonio Spurs,V
Golden State Warriors,Philadelphia 76ers,H
Sacramento Kings,Portland Trail Blazers,H
Los Angeles Clippers,Detroit Pistons,H
Charlotte Hornets,Minnesota Timberwolves,H
Phoenix Suns,New York Knicks,V
Chicago Bulls,Orlando Magic,V
Indiana Pacers,Toronto Raptors,H
Atlanta Hawks,Memphis Grizzlies,V
Washington Wizards,Oklahoma City Thunder,V
San Antonio Spurs,Boston Celtics,H
Milwaukee Bucks,Denver Nuggets,V
New Orleans Pelicans,Utah Jazz,V
Golden State Warriors,Portland Trail Blazers,H
Sacramento Kings,Los Angeles Lakers,V
Minnesota Timberwolves,Philadelphia 76ers,V
New York Knicks,Atlanta Hawks,V
Phoenix Suns,Brooklyn Nets,V
Miami Heat,Chicago Bulls,V
Cleveland Cavaliers,Orlando Magic,H
Houston Rockets,Charlotte Hornets,H
Washington Wizards,Dallas Mavericks,V
Utah Jazz,New Orleans Pelicans,H
Golden State Warriors,Los Angeles Clippers,V
Milwaukee Bucks,Indiana Pacers,V
Memphis Grizzlies,Sacramento Kings,H
Boston Celtics,Toronto Raptors,V
Los Angeles Lakers,Detroit Pistons,H
Philadelphia 76ers,Orlando Magic,H
Denver Nuggets,Miami Heat,V
Chicago Bulls,Charlotte Hornets,H
Houston Rockets,Oklahoma City Thunder,H
Minnesota Timberwolves,Indiana Pacers,H
Cleveland Cavaliers,Dallas Mavericks,V
San Antonio Spurs,Washington Wizards,H
Utah Jazz,Portland Trail Blazers,H
New Orleans Pelicans,Los Angeles Clippers,V
Brooklyn Nets,New York Knicks,H
Memphis Grizzlies,Toronto Raptors,V
Phoenix Suns,Golden State Warriors,H
Portland Trail Blazers,Detroit Pistons,H
Los Angeles Lakers,Sacramento Kings,V
Atlanta Hawks,Indiana Pacers,V
Orlando Magic,Denver Nuggets,H
Washington Wizards,Minnesota Timberwolves,H
Boston Celtics,Philadelphia 76ers,H
Cleveland Cavaliers,Miami Heat,V
Milwaukee Bucks,Charlotte Hornets,H
Dallas Mavericks,New Orleans Pelicans,V
Houston Rockets,Oklahoma City Thunder,V
Sacramento Kings,Los Angeles Clippers,V
Chicago Bulls,New York Knicks,V
Toronto Raptors,Milwaukee Bucks,H
Memphis Grizzlies,Oklahoma City Thunder,H
Phoenix Suns,Detroit Pistons,H
San Antonio Spurs,Portland Trail Blazers,V
Miami Heat,Indiana Pacers,V
Cleveland Cavaliers,Washington Wizards,V
Philadelphia 76ers,Atlanta Hawks,V
Brooklyn Nets,Minnesota Timberwolves,H
Houston Rockets,Orlando Magic,H
New Orleans Pelicans,Dallas Mavericks,V
Utah Jazz,Boston Celtics,H
Golden State Warriors,Phoenix Suns,H
Los Angeles Clippers,Los Angeles Lakers,V
Denver Nuggets,New York Knicks,V
Chicago Bulls,Brooklyn Nets,V
Milwaukee Bucks,Miami Heat,H
Memphis Grizzlies,Dallas Mavericks,V
San Antonio Spurs,Golden State Warriors,V
Boston Celtics,Portland Trail Blazers,V
Sacramento Kings,Los Angeles Clippers,H
Utah Jazz,Cleveland Cavaliers,V
Charlotte Hornets,Atlanta Hawks,V
Toronto Raptors,Washington Wizards,H
Houston Rockets,New Orleans Pelicans,H
Philadelphia 76ers,Charlotte Hornets,V
Oklahoma City Thunder,Detroit Pistons,V
Indiana Pacers,Washington Wizards,H
Memphis Grizzlies,Miami Heat,V
Chicago Bulls,Denver Nuggets,H
Milwaukee Bucks,Cleveland Cavaliers,H
Atlanta Hawks,Minnesota Timberwolves,V
Phoenix Suns,San Antonio Spurs,H
Golden State Warriors,Orlando Magic,H
Los Angeles Clippers,Portland Trail Blazers,V
Brooklyn Nets,Dallas Mavericks,V
New York Knicks,San Antonio Spurs,V
Los Angeles Lakers,Boston Celtics,H
Philadelphia 76ers,Charlotte Hornets,V
Cleveland Cavaliers,Chicago Bulls,H
Washington Wizards,Detroit Pistons,V
Indiana Pacers,New York Knicks,H
Miami Heat,Milwaukee Bucks,H
Oklahoma City Thunder,Toronto Raptors,V
Houston Rockets,Brooklyn Nets,H
Dallas Mavericks,Memphis Grizzlies,V
Utah Jazz,Minnesota Timberwolves,V
Denver Nuggets,New Orleans Pelicans,V
Golden State Warriors,Portland Trail Blazers,H
Sacramento Kings,Orlando Magic,H
Los Angeles Clippers,Boston Celtics,H
Utah Jazz,Philadelphia 76ers,V
Memphis Grizzlies,Los Angeles Lakers,H
San Antonio Spurs,Denver Nuggets,H
Charlotte Hornets,Sacramento Kings,H
Indiana Pacers,Dallas Mavericks,H
Brooklyn Nets,Atlanta Hawks,V
Toronto Raptors,New York Knicks,H
Milwaukee Bucks,Houston Rockets,V
Cleveland Cavaliers,Minnesota Timberwolves,V
New Orleans Pelicans,Detroit Pistons,H
Los Angeles Lakers,Oklahoma City Thunder,V
Phoenix Suns,Boston Celtics,H
Los Angeles Clippers,Orlando Magic,H
Utah Jazz,Washington Wizards,V
Cleveland Cavaliers,Sacramento Kings,H
Memphis Grizzlies,Houston Rockets,H
Miami Heat,Chicago Bulls,H
Philadelphia 76ers,Golden State Warriors,H
Denver Nuggets,San Antonio Spurs,V
Milwaukee Bucks,New York Knicks,V
Brooklyn Nets,Detroit Pistons,V
Dallas Mavericks,Oklahoma City Thunder,V
San Antonio Spurs,New Orleans Pelicans,H
Minnesota Timberwolves,Portland Trail Blazers,V
Los Angeles Lakers,Orlando Magic,H
Cleveland Cavaliers,Miami Heat,H
Golden State Warriors,Indiana Pacers,V
Toronto Raptors,Sacramento Kings,H
Houston Rockets,Atlanta Hawks,V
Boston Celtics,Milwaukee Bucks,H
Memphis Grizzlies,Philadelphia 76ers,H
Dallas Mavericks,Charlotte Hornets,H
Denver Nuggets,Washington Wizards,H
Los Angeles Clippers,Phoenix Suns,H
Brooklyn Nets,Toronto Raptors,H
Golden State Warriors,New York Knicks,V
Phoenix Suns,Portland Trail Blazers,V
Cleveland Cavaliers,Houston Rockets,H
Atlanta Hawks,Orlando Magic,V
Miami Heat,Philadelphia 76ers,V
Los Angeles Lakers,Dallas Mavericks,V
Milwaukee Bucks,Indiana Pacers,H
New Orleans Pelicans,Oklahoma City Thunder,V
Charlotte Hornets,San Antonio Spurs,V
Minnesota Timberwolves,Denver Nuggets,V
Memphis Grizzlies,Portland Trail Blazers,V
Sacramento Kings,Washington Wizards,H
Utah Jazz,Los Angeles Clippers,H
Indiana Pacers,Detroit Pistons,H
Brooklyn Nets,Philadelphia 76ers,H
New York Knicks,Houston Rockets,V
Phoenix Suns,Washington Wizards,H
Miami Heat,Orlando Magic,V
Denver Nuggets,Atlanta Hawks,V
Golden State Warriors,Boston Celtics,V
New Orleans Pelicans,Milwaukee Bucks,H
San Antonio Spurs,Utah Jazz,V
Minnesota Timberwolves,Los Angeles Lakers,H
Portland Trail Blazers,Charlotte Hornets,H
Memphis Grizzlies,Sacramento Kings,V
Houston Rockets,Detroit Pistons,V
Boston Celtics,New York Knicks,H
Orlando Magic,Brooklyn Nets,V
Toronto Raptors,Golden State Warriors,H
Oklahoma City Thunder,Los Angeles Clippers,H
Cleveland Cavaliers,Milwaukee Bucks,V
Washington Wizards,Utah Jazz,V
Detroit Pistons,Miami Heat,H
Portland Trail Blazers,Memphis Grizzlies,V
Sacramento Kings,San Antonio Spurs,H
Chicago Bulls,Los Angeles Lakers,H
Minnesota Timberwolves,Dallas Mavericks,H
Phoenix Suns,Charlotte Hornets,H
Philadelphia 76ers,Boston Celtics,V
Chicago Bulls,Houston Rockets,H
Oklahoma City Thunder,Memphis Grizzlies,V
Utah Jazz,Charlotte Hornets,H
Golden State Warriors,Sacramento Kings,H
San Antonio Spurs,Los Angeles Clippers,V
Miami Heat,Indiana Pacers,H
New York Knicks,Detroit Pistons,H
New Orleans Pelicans,Portland Trail Blazers,H
Dallas Mavericks,Minnesota Timberwolves,H
Phoenix Suns,Los Angeles Lakers,V
Orlando Magic,Atlanta Hawks,V
Boston Celtics,Cleveland Cavaliers,H
Milwaukee Bucks,Houston Rockets,H
Oklahoma City Thunder,Denver Nuggets,H
Los Angeles Clippers,Sacramento Kings,V
Indiana Pacers,Houston Rockets,H
New Orleans Pelicans,Orlando Magic,V
Atlanta Hawks,Philadelphia 76ers,V
Miami Heat,Detroit Pistons,H
Washington Wizards,New York Knicks,V
Milwaukee Bucks,Dallas Mavericks,V
Charlotte Hornets,Denver Nuggets,V
Phoenix Suns,Oklahoma City Thunder,H
Utah Jazz,Minnesota Timberwolves,H
Golden State Warriors,Memphis Grizzlies,H
San Antonio Spurs,Los Angeles Lakers,V
New York Knicks,Atlanta Hawks,H
Milwaukee Bucks,Boston Celtics,H
Golden State Warriors,Phoenix Suns,V
Brooklyn Nets,Los Angeles Lakers,V
Utah Jazz,Dallas Mavericks,H
Miami Heat,Orlando Magic,H
Cleveland Cavaliers,Toronto Raptors,H
Memphis Grizzlies,Sacramento Kings,V
Philadelphia 76ers,Washington Wizards,V
Oklahoma City Thunder,New Orleans Pelicans,H
San Antonio Spurs,Detroit Pistons,H
Chicago Bulls,Indiana Pacers,H
Denver Nuggets,Los Angeles Clippers,V
Charlotte Hornets,Houston Rockets,H
Chicago Bulls,Atlanta Hawks,V
Minnesota Timberwolves,Boston Celtics,H
Utah Jazz,San Antonio Spurs,V
Memphis Grizzlies,Phoenix Suns,V
Dallas Mavericks,Portland Trail Blazers,V
Brooklyn Nets,Los Angeles Clippers,V
Milwaukee Bucks,Orlando Magic,V
Miami Heat,Washington Wizards,H
Philadelphia 76ers,Toronto Raptors,V
Los Angeles Lakers,Houston Rockets,V
New York Knicks,Minnesota Timberwolves,V
New Orleans Pelicans,Cleveland Cavaliers,H
Denver Nuggets,Golden State Warriors,V
Sacramento Kings,Oklahoma City Thunder,H
New York Knicks,Detroit Pistons,V
Charlotte Hornets,Indiana Pacers,V
Los Angeles Clippers,Boston Celtics,V
Chicago Bulls,Atlanta Hawks,H
Memphis Grizzlies,Los Angeles Lakers,H
Phoenix Suns,Oklahoma City Thunder,H
Utah Jazz,Portland Trail Blazers,V
Sacramento Kings,Dallas Mavericks,H
Philadelphia 76ers,Brooklyn Nets,V
Milwaukee Bucks,Orlando Magic,V
Washington Wizards,Cleveland Cavaliers,H
Boston Celtics,Phoenix Suns,H
Chicago Bulls,Indiana Pacers,V
Dallas Mavericks,Sacramento Kings,V
Miami Heat,Houston Rockets,V
Atlanta Hawks,Cleveland Cavaliers,V
Toronto Raptors,Los Angeles Clippers,H
Memphis Grizzlies,San Antonio Spurs,H
Oklahoma City Thunder,New York Knicks,H
Utah Jazz,Minnesota Timberwolves,H
Los Angeles Lakers,Portland Trail Blazers,H
Milwaukee Bucks,New Orleans Pelicans,H
Detroit Pistons,San Antonio Spurs,H
Chicago Bulls,Washington Wizards,V
Los Angeles Clippers,Brooklyn Nets,V
Denver Nuggets,Houston Rockets,V
Golden State Warriors,Utah Jazz,V
Toronto Raptors,New York Knicks,H
Boston Celtics,Orlando Magic,H
Cleveland Cavaliers,Indiana Pacers,H
Sacramento Kings,Miami Heat,H
Phoenix Suns,Charlotte Hornets,V
Dallas Mavericks,Oklahoma City Thunder,V
Los Angeles Lakers,Minnesota Timberwolves,H
Philadelphia 76ers,Houston Rockets,H
Washington Wizards,Charlotte Hornets,H
Memphis Grizzlies,Brooklyn Nets,V
Chicago Bulls,Orlando Magic,H
Detroit Pistons,Milwaukee Bucks,V
Utah Jazz,New Orleans Pelicans,V
Dallas Mavericks,Denver Nuggets,H
Golden State Warriors,Miami Heat,H
Portland Trail Blazers,Atlanta Hawks,H
Minnesota Timberwolves,Los Angeles Clippers,V
Memphis Grizzlies,Cleveland Cavaliers,V
Toronto Raptors,San Antonio Spurs,H
New York Knicks,Indiana Pacers,H
Phoenix Suns,New Orleans Pelicans,V
Los Angeles Lakers,Sacramento Kings,H
Charlotte Hornets,Detroit Pistons,H
Philadelphia 76ers,Orlando Magic,V
Houston Rockets,Washington Wizards,V
San Antonio Spurs,Boston Celtics,V
Dallas Mavericks,Golden State Warriors,H
Brooklyn Nets,Indiana Pacers,V
Toronto Raptors,Milwaukee Bucks,V
Minnesota Timberwolves,Oklahoma City Thunder,H
Utah Jazz,Denver Nuggets,V
Miami Heat,Portland Trail Blazers,V
Atlanta Hawks,Sacramento Kings,V
New York Knicks,Boston Celtics,H
Memphis Grizzlies,Detroit Pistons,H
New Orleans Pelicans,Golden State Warriors,H
Phoenix Suns,Los Angeles Clippers,H
Philadelphia 76ers,San Antonio Spurs,H
Milwaukee Bucks,Brooklyn Nets,V
Toronto Raptors,Utah Jazz,H
Chicago Bulls,Washington Wizards,H
Dallas Mavericks,Houston Rockets,V
Minnesota Timberwolves,Oklahoma City Thunder,V
Denver Nuggets,Sacramento Kings,H
Los Angeles Lakers,Atlanta Hawks,H
Cleveland Cavaliers,Portland Trail Blazers,V
Memphis Grizzlies,Los Angeles Clippers,V
Charlotte Hornets,Milwaukee Bucks,H
Detroit Pistons,Orlando Magic,H
Indiana Pacers,Utah Jazz,H
Boston Celtics,New York Knicks,H
Miami Heat,Phoenix Suns,V
Brooklyn Nets,San Antonio Spurs,H
Los Angeles Clippers,Atlanta Hawks,H
Washington Wizards,Orlando Magic,V
Toronto Raptors,New Orleans Pelicans,H
Minnesota Timberwolves,Houston Rockets,V
Denver Nuggets,Oklahoma City Thunder,V
Dallas Mavericks,Chicago Bulls,H
Golden State Warriors,Cleveland Cavaliers,H
Portland Trail Blazers,Sacramento Kings,H
Memphis Grizzlies,Los Angeles Lakers,V
Charlotte Hornets,Milwaukee Bucks,H
Detroit Pistons,Utah Jazz,H
Boston Celtics,Indiana Pacers,H
New York Knicks,San Antonio Spurs,H
Philadelphia 76ers,Houston Rockets,V
Portland Trail Blazers,Brooklyn Nets,H
Cleveland Cavaliers,Sacramento Kings,V
Washington Wizards,Oklahoma City Thunder,H
Phoenix Suns,Toronto Raptors,V
Chicago Bulls,Detroit Pistons,H
Memphis Grizzlies,Golden State Warriors,H
New Orleans Pelicans,Minnesota Timberwolves,H
Los Angeles Clippers,Denver Nuggets,H
Boston Celtics,Indiana Pacers,V
Charlotte Hornets,Philadelphia 76ers,V
Washington Wizards,Orlando Magic,H
Miami Heat,Atlanta Hawks,V
New York Knicks,Dallas Mavericks,H
Houston Rockets,San Antonio Spurs,V
Cleveland Cavaliers,Utah Jazz,V
Brooklyn Nets,Chicago Bulls,V
Sacramento Kings,Los Angeles Lakers,H
Milwaukee Bucks,Golden State Warriors,H
Memphis Grizzlies,Minnesota Timberwolves,H
New Orleans Pelicans,Los Angeles Clippers,H
Oklahoma City Thunder,Brooklyn Nets,V
Denver Nuggets,Portland Trail Blazers,H
Orlando Magic,Charlotte Hornets,V
Detroit Pistons,Toronto Raptors,H
Phoenix Suns,Indiana Pacers,V
Philadelphia 76ers,Boston Celtics,H
Golden State Warriors,Chicago Bulls,V
Miami Heat,Atlanta Hawks,H
Cleveland Cavaliers,San Antonio Spurs,V
Dallas Mavericks,Memphis Grizzlies,V
Sacramento Kings,Houston Rockets,H
Toronto Raptors,Milwaukee Bucks,V
Portland Trail Blazers,Washington Wizards,V
New York Knicks,Atlanta Hawks,V
Brooklyn Nets,New Orleans Pelicans,H
Philadelphia 76ers,Miami Heat,V
Cleveland Cavaliers,Oklahoma City Thunder,V
Boston Celtics,Chicago Bulls,H
San Antonio Spurs,Los Angeles Clippers,H
Denver Nuggets,Los Angeles Lakers,H
Dallas Mavericks,Orlando Magic,H
Phoenix Suns,Detroit Pistons,V
Houston Rockets,Sacramento Kings,V
Utah Jazz,Denver Nuggets,V
Minnesota Timberwolves,Golden State Warriors,H
Boston Celtics,New Orleans Pelicans,H
Charlotte Hornets,New York Knicks,V
Washington Wizards,Philadelphia 76ers,H
Cleveland Cavaliers,Brooklyn Nets,H
Los Angeles Clippers,Indiana Pacers,H
Memphis Grizzlies,Chicago Bulls,H
Atlanta Hawks,Milwaukee Bucks,H
Portland Trail Blazers,Orlando Magic,V
Miami Heat,Toronto Raptors,H
Dallas Mavericks,Oklahoma City Thunder,H
Phoenix Suns,San Antonio Spurs,V
Los Angeles Lakers,Utah Jazz,H
Minnesota Timberwolves,New York Knicks,V
Golden State Warriors,Detroit Pistons,H
Philadelphia 76ers,Orlando Magic,H
Brooklyn Nets,Washington Wizards,V
Atlanta Hawks,Minnesota Timberwolves,H
Charlotte Hornets,Boston Celtics,V
Miami Heat,Portland Trail Blazers,H
Chicago Bulls,Cleveland Cavaliers,H
Milwaukee Bucks,Memphis Grizzlies,H
Dallas Mavericks,Toronto Raptors,H
San Antonio Spurs,Oklahoma City Thunder,H
Houston Rockets,Utah Jazz,V
Denver Nuggets,Los Angeles Clippers,H
Detroit Pistons,Sacramento Kings,V
Indiana Pacers,Los Angeles Lakers,V
Phoenix Suns,Dallas Mavericks,V
New Orleans Pelicans,New York Knicks,V
Indiana Pacers,Golden State Warriors,V
Charlotte Hornets,Oklahoma City Thunder,H
Los Angeles Lakers,Orlando Magic,V
Los Angeles Clippers,Philadelphia 76ers,V
Atlanta Hawks,Miami Heat,H
Portland Trail Blazers,Boston Celtics,V
Milwaukee Bucks,Chicago Bulls,H
Toronto Raptors,Washington Wizards,V
Brooklyn Nets,San Antonio Spurs,V
Memphis Grizzlies,Denver Nuggets,V
Utah Jazz,Detroit Pistons,H
Golden State Warriors,Houston Rockets,H
Milwaukee Bucks,Sacramento Kings,H
Cleveland Cavaliers,Oklahoma City Thunder,H
Phoenix Suns,Indiana Pacers,H
New York Knicks,Los Angeles Clippers,H
Boston Celtics,Washington Wizards,V
Miami Heat,Los Angeles Lakers,H
Orlando Magic,Chicago Bulls,H
Portland Trail Blazers,Toronto Raptors,V
Atlanta Hawks,Charlotte Hornets,V
Philadelphia 76ers,San Antonio Spurs,V
Dallas Mavericks,Memphis Grizzlies,H
Denver Nuggets,Detroit Pistons,H
Minnesota Timberwolves,Brooklyn Nets,H
Golden State Warriors,Utah Jazz,H
Cleveland Cavaliers,New York Knicks,H
New Orleans Pelicans,Indiana Pacers,H
Chicago Bulls,Oklahoma City Thunder,V
Phoenix Suns,Utah Jazz,H
Denver Nuggets,Detroit Pistons,V
Philadelphia 76ers,New Orleans Pelicans,H
Toronto Raptors,Charlotte Hornets,H
Los Angeles Clippers,Washington Wizards,V
Boston Celtics,Sacramento Kings,H
Los Angeles Lakers,Brooklyn Nets,V
San Antonio Spurs,Houston Rockets,V
Golden State Warriors,Dallas Mavericks,H
Minnesota Timberwolves,Portland Trail Blazers,V
Cleveland Cavaliers,Milwaukee Bucks,H
Charlotte Hornets,Indiana Pacers,V
Los Angeles Clippers,Orlando Magic,V
Atlanta Hawks,Sacramento Kings,H
Miami Heat,New York Knicks,H
Denver Nuggets,Brooklyn Nets,V
Chicago Bulls,Toronto Raptors,H
Memphis Grizzlies,San Antonio Spurs,V
Dallas Mavericks,Portland Trail Blazers,V
Phoenix Suns,Utah Jazz,V
Philadelphia 76ers,Los Angeles Lakers,H
Golden State Warriors,Minnesota Timberwolves,H
Orlando Magic,Detroit Pistons,H
Atlanta Hawks,Boston Celtics,H
Charlotte Hornets,Los Angeles Lakers,H
Portland Trail Blazers,Houston Rockets,V
Memphis Grizzlies,Utah Jazz,H
Miami Heat,Los Angeles Clippers,H
Denver Nuggets,New Orleans Pelicans,V
Indiana Pacers,Oklahoma City Thunder,V
San Antonio Spurs,Chicago Bulls,H
Phoenix Suns,Minnesota Timberwolves,H
Milwaukee Bucks,New York Knicks,H
Dallas Mavericks,Indiana Pacers,H
Boston Celtics,New Orleans Pelicans,V
Philadelphia 76ers,Sacramento Kings,H
Memphis Grizzlies,Washington Wizards,H
Toronto Raptors,Miami Heat,V
Golden State Warriors,Brooklyn Nets,H
Atlanta Hawks,Los Angeles Lakers,H
Los Angeles Clippers,Charlotte Hornets,V
Chicago Bulls,Portland Trail Blazers,H
Detroit Pistons,Cleveland Cavaliers,H
Denver Nuggets,Milwaukee Bucks,V
Orlando Magic,Dallas Mavericks,H
Minnesota Timberwolves,Utah Jazz,H
Phoenix Suns,San Antonio Spurs,H
Cleveland Cavaliers,New Orleans Pelicans,H
Indiana Pacers,Los Angeles Clippers,H
Philadelphia 76ers,Memphis Grizzlies,H
Toronto Raptors,Atlanta Hawks,V
Boston Celtics,Miami Heat,H
New York Knicks,Sacramento Kings,H
Golden State Warriors,Houston Rockets,V
Oklahoma City Thunder,Portland Trail Blazers,H
New Orleans Pelicans,Detroit Pistons,V
Milwaukee Bucks,Washington Wizards,H
Toronto Raptors,Miami Heat,H
Chicago Bulls,Orlando Magic,H
Minnesota Timberwolves,Denver Nuggets,H
Golden State Warriors,San Antonio Spurs,V
Phoenix Suns,Brooklyn Nets,H
Orlando Magic,Indiana Pacers,V
Washington Wizards,Philadelphia 76ers,V
Boston Celtics,Charlotte Hornets,H
Memphis Grizzlies,New York Knicks,V
Houston Rockets,Cleveland Cavaliers,H
Oklahoma City Thunder,Dallas Mavericks,V
Sacramento Kings,Brooklyn Nets,H
Utah Jazz,Denver Nuggets,H
Los Angeles Lakers,Portland Trail Blazers,H
Minnesota Timberwolves,Detroit Pistons,V
Miami Heat,San Antonio Spurs,V
Atlanta Hawks,Phoenix Suns,H
Toronto Raptors,Chicago Bulls,H
Golden State Warriors,Sacramento Kings,H
Los Angeles Clippers,Los Angeles Lakers,H
Cleveland Cavaliers,Charlotte Hornets,V
Boston Celtics,Detroit Pistons,V
Chicago Bulls,Indiana Pacers,V
Toronto Raptors,Atlanta Hawks,H
San Antonio Spurs,Houston Rockets,H
New Orleans Pelicans,Denver Nuggets,V
Utah Jazz,Brooklyn Nets,H
Dallas Mavericks,Philadelphia 76ers,H
Oklahoma City Thunder,Portland Trail Blazers,V
Memphis Grizzlies,Orlando Magic,V
Miami Heat,Charlotte Hornets,V
Phoenix Suns,Washington Wizards,V
Los Angeles Lakers,New York Knicks,H
Milwaukee Bucks,Portland Trail Blazers,V
Sacramento Kings,Oklahoma City Thunder,H
Philadelphia 76ers,Chicago Bulls,V
Denver Nuggets,Brooklyn Nets,H
Minnesota Timberwolves,Detroit Pistons,H
Cleveland Cavaliers,Indiana Pacers,H
Dallas Mavericks,Atlanta Hawks,H
Boston Celtics,Orlando Magic,V
New Orleans Pelicans,Houston Rockets,V
Milwaukee Bucks,Los Angeles Clippers,V
Toronto Raptors,Charlotte Hornets,V
Miami Heat,Washington Wizards,V
Phoenix Suns,Chicago Bulls,V
Golden State Warriors,Oklahoma City Thunder,V
Utah Jazz,New York Knicks,H
Phoenix Suns,Philadelphia 76ers,V
Atlanta Hawks,Indiana Pacers,H
Boston Celtics,Brooklyn Nets,V
Memphis Grizzlies,Los Angeles Clippers,H
New Orleans Pelicans,Houston Rockets,H
Dallas Mavericks,Detroit Pistons,H
Denver Nuggets,New York Knicks,H
Milwaukee Bucks,Los Angeles Lakers,V
Orlando Magic,Portland Trail Blazers,V
Minnesota Timberwolves,Sacramento Kings,V
Cleveland Cavaliers,San Antonio Spurs,H
Chicago Bulls,Charlotte Hornets,V
Toronto Raptors,Oklahoma City Thunder,V
Portland Trail Blazers,Los Angeles Lakers,H
Sacramento Kings,Minnesota Timberwolves,H
Utah Jazz,Golden State Warriors,H
Memphis Grizzlies,Detroit Pistons,V
Miami Heat,New Orleans Pelicans,V
Washington Wizards,Brooklyn Nets,H
Toronto Raptors,Houston Rockets,V
Dallas Mavericks,Los Angeles Clippers,H
New York Knicks,Golden State Warriors,V
Phoenix Suns,Milwaukee Bucks,H
Charlotte Hornets,Detroit Pistons,V
Cleveland Cavaliers,Indiana Pacers,V
Philadelphia 76ers,Oklahoma City Thunder,H
San Antonio Spurs,Atlanta Hawks,V
Boston Celtics,Denver Nuggets,H
Chicago Bulls,Minnesota Timberwolves,H
Utah Jazz,Orlando Magic,H
Portland Trail Blazers,New York Knicks,H
Memphis Grizzlies,Charlotte Hornets,V
San Antonio Spurs,New Orleans Pelicans,V
Sacramento Kings,Washington Wizards,V
Philadelphia 76ers,Cleveland Cavaliers,H
Denver Nuggets,Toronto Raptors,V
Chicago Bulls,Oklahoma City Thunder,H
Miami Heat,Brooklyn Nets,H
Los Angeles Clippers,Dallas Mavericks,V
Golden State Warriors,Los Angeles Lakers,H
Phoenix Suns,Orlando Magic,H
Boston Celtics,Atlanta Hawks,H
Minnesota Timberwolves,Indiana Pacers,V
Washington Wizards,Detroit Pistons,H
Brooklyn Nets,Sacramento Kings,H
Oklahoma City Thunder,New York Knicks,V
Chicago Bulls,San Antonio Spurs,H
Portland Trail Blazers,Milwaukee Bucks,V
New Orleans Pelicans,Toronto Raptors,H
Denver Nuggets,Orlando Magic,H
Utah Jazz,Houston Rockets,H
Los Angeles Clippers,Golden State Warriors,H
Atlanta Hawks,Cleveland Cavaliers,H
Dallas Mavericks,Miami Heat,V
Boston Celtics,Philadelphia 76ers,V
Milwaukee Bucks,Indiana Pacers,H
Minnesota Timberwolves,Charlotte Hornets,H
Memphis Grizzlies,New Orleans Pelicans,V
Phoenix Suns,Los Angeles Clippers,H
Atlanta Hawks,Orlando Magic,V
Detroit Pistons,Boston Celtics,V
Indiana Pacers,Washington Wizards,H
Brooklyn Nets,New York Knicks,V
Chicago Bulls,Sacramento Kings,H
Portland Trail Blazers,Memphis Grizzlies,V
Toronto Raptors,Minnesota Timberwolves,V
San Antonio Spurs,Oklahoma City Thunder,V
Phoenix Suns,Houston Rockets,H
Denver Nuggets,Golden State Warriors,V
Los Angeles Lakers,Utah Jazz,H
Miami Heat,Charlotte Hornets,V
Washington Wizards,Brooklyn Nets,V
Dallas Mavericks,New Orleans Pelicans,V
Philadelphia 76ers,Milwaukee Bucks,V
Los Angeles Clippers,Houston Rockets,H
Detroit Pistons,Cleveland Cavaliers,H
Boston Celtics,Brooklyn Nets,V
Chicago Bulls,Atlanta Hawks,H
Minnesota Timberwolves,Memphis Grizzlies,H
Phoenix Suns,Oklahoma City Thunder,V
Golden State Warriors,Portland Trail Blazers,V
Denver Nuggets,Sacramento Kings,V
Charlotte Hornets,Toronto Raptors,H
Oklahoma City Thunder,Indiana Pacers,V
Orlando Magic,Houston Rockets,H
San Antonio Spurs,Washington Wizards,V
Miami Heat,New York Knicks,V
Philadelphia 76ers,Minnesota Timberwolves,V
New Orleans Pelicans,Phoenix Suns,V
Utah Jazz,Dallas Mavericks,H
Los Angeles Clippers,Los Angeles Lakers,V
Boston Celtics,Detroit Pistons,V
Atlanta Hawks,Toronto Raptors,H
Memphis Grizzlies,Chicago Bulls,V
Cleveland Cavaliers,Washington Wizards,H
Miami Heat,San Antonio Spurs,H
Brooklyn Nets,Milwaukee Bucks,V
Denver Nuggets,Sacramento Kings,H
Philadelphia 76ers,New York Knicks,V
Utah Jazz,Phoenix Suns,V
Indiana Pacers,Boston Celtics,H
Detroit Pistons,Charlotte Hornets,V
Los Angeles Clippers,Houston Rockets,V
Dallas Mavericks,Golden State Warriors,V
Denver Nuggets,Portland Trail Blazers,V
New Orleans Pelicans,Los Angeles Lakers,V
Minnesota Timberwolves,Cleveland Cavaliers,V
Orlando Magic,Indiana Pacers,H
Toronto Raptors,Brooklyn Nets,V
Miami Heat,Chicago Bulls,H
Memphis Grizzlies,San Antonio Spurs,H
Milwaukee Bucks,Charlotte Hornets,H
Sacramento Kings,Oklahoma City Thunder,V
Washington Wizards,Detroit Pistons,H
Boston Celtics,Atlanta Hawks,H
Toronto Raptors,Brooklyn Nets,H
Los Angeles Clippers,Houston Rockets,V
Minnesota Timberwolves,Golden State Warriors,H
Dallas Mavericks,Los Angeles Lakers,V
Charlotte Hornets,Cleveland Cavaliers,V
Indiana Pacers,Orlando Magic,V
Philadelphia 76ers,New York Knicks,H
Utah Jazz,Houston Rockets,V
Milwaukee Bucks,Miami Heat,H
New Orleans Pelicans,Sacramento Kings,H
Oklahoma City Thunder,Denver Nuggets,V
Phoenix Suns,Portland Trail Blazers,H
Atlanta Hawks,Chicago Bulls,H
Boston Celtics,Memphis Grizzlies,H
Miami Heat,Brooklyn Nets,V
Detroit Pistons,Toronto Raptors,V
Dallas Mavericks,Golden State Warriors,H
Sacramento Kings,San Antonio Spurs,V
Los Angeles Clippers,Los Angeles Lakers,H
Detroit Pistons,Indiana Pacers,H
Philadelphia 76ers,Cleveland Cavaliers,H
Atlanta Hawks,Washington Wizards,V
Milwaukee Bucks,Chicago Bulls,V
Orlando Magic,Toronto Raptors,V
New Orleans Pelicans,Utah Jazz,H
Minnesota Timberwolves,Oklahoma City Thunder,V
Denver Nuggets,Houston Rockets,H
Phoenix Suns,New York Knicks,H
Dallas Mavericks,Sacramento Kings,H
Charlotte Hornets,San Antonio Spurs,H
Memphis Grizzlies,Orlando Magic,H
Miami Heat,Philadelphia 76ers,H
Minnesota Timberwolves,Portland Trail Blazers,H
Los Angeles Lakers,Golden State Warriors,H
Boston Celtics,Brooklyn Nets,H
Milwaukee Bucks,Phoenix Suns,H
Washington Wizards,Indiana Pacers,H
Houston Rockets,Memphis Grizzlies,H
Utah Jazz,Oklahoma City Thunder,V
Cleveland Cavaliers,Toronto Raptors,H
Denver Nuggets,New Orleans Pelicans,H
New York Knicks,Los Angeles Clippers,V
Detroit Pistons,Atlanta Hawks,H
Philadelphia 76ers,Chicago Bulls,H
Miami Heat,Houston Rockets,H
Minnesota Timberwolves,Portland Trail Blazers,H
Dallas Mavericks,Utah Jazz,H
San Antonio Spurs,Los Angeles Lakers,H
Denver Nuggets,Golden State Warriors,H
New York Knicks,Sacramento Kings,V
Brooklyn Nets,Charlotte Hornets,V
Cleveland Cavaliers,Indiana Pacers,V
Phoenix Suns,Orlando Magic,V
Memphis Grizzlies,New Orleans Pelicans,H
Milwaukee Bucks,Oklahoma City Thunder,V
Golden State Warriors,Los Angeles Clippers,H
Boston Celtics,Charlotte Hornets,V
Chicago Bulls,Detroit Pistons,V
Phoenix Suns,Miami Heat,V
Houston Rockets,Los Angeles Lakers,H
Milwaukee Bucks,Atlanta Hawks,H
Minnesota Timberwolves,Oklahoma City Thunder,H
Orlando Magic,New Orleans Pelicans,V
New York Knicks,Dallas Mavericks,V
Toronto Raptors,San Antonio Spurs,V
Denver Nuggets,Sacramento Kings,V
Utah Jazz,Portland Trail Blazers,H
Los Angeles Clippers,Washington Wizards,H
Brooklyn Nets,Philadelphia 76ers,V
Golden State Warriors,Denver Nuggets,V
Orlando Magic,Minnesota Timberwolves,H
Atlanta Hawks,Los Angeles Clippers,H
Boston Celtics,Detroit Pistons,H
Dallas Mavericks,Houston Rockets,V
Memphis Grizzlies,New York Knicks,H
Miami Heat,Cleveland Cavaliers,H
Charlotte Hornets,New Orleans Pelicans,V
San Antonio Spurs,Utah Jazz,H
Toronto Raptors,Phoenix Suns,V
Los Angeles Lakers,Washington Wizards,H
Chicago Bulls,Cleveland Cavaliers,H
Minnesota Timberwolves,Miami Heat,V
Indiana Pacers,San Antonio Spurs,V
Golden State Warriors,Milwaukee Bucks,H
Toronto Raptors,Denver Nuggets,V
Utah Jazz,Sacramento Kings,H
Portland Trail Blazers,Washington Wizards,H
Brooklyn Nets,New York Knicks,H
Los Angeles Clippers,Detroit Pistons,V
Dallas Mavericks,Boston Celtics,V
Philadelphia 76ers,Orlando Magic,V
Atlanta Hawks,Indiana Pacers,H
New Orleans Pelicans,Houston Rockets,H
Memphis Grizzlies,Oklahoma City Thunder,V
Phoenix Suns,Los Angeles Lakers,H
Cleveland Cavaliers,Los Angeles Clippers,H
Atlanta Hawks,Portland Trail Blazers,H
Denver Nuggets,Philadelphia 76ers,V
Charlotte Hornets,Oklahoma City Thunder,V
Minnesota Timberwolves,San Antonio Spurs,V
Golden State Warriors,Washington Wizards,H
Sacramento Kings,Chicago Bulls,H
Milwaukee Bucks,Utah Jazz,V
Toronto Raptors,Los Angeles Lakers,V
Memphis Grizzlies,Indiana Pacers,V
Brooklyn Nets,Orlando Magic,V
Miami Heat,Detroit Pistons,H
Phoenix Suns,New Orleans Pelicans,V
Charlotte Hornets,Atlanta Hawks,H
Philadelphia 76ers,Cleveland Cavaliers,V
Denver Nuggets,Washington Wizards,V
Dallas Mavericks,Brooklyn Nets,V
New York Knicks,Portland Trail Blazers,H
Phoenix Suns,Houston Rockets,V
Minnesota Timberwolves,Los Angeles Lakers,H
San Antonio Spurs,Oklahoma City Thunder,H
Utah Jazz,Chicago Bulls,H
Boston Celtics,Golden State Warriors,V
Milwaukee Bucks,Sacramento Kings,V
Toronto Raptors,Los Angeles Clippers,V
Detroit Pistons,Orlando Magic,V
Philadelphia 76ers,Dallas Mavericks,H
Atlanta Hawks,Memphis Grizzlies,H
Brooklyn Nets,Portland Trail Blazers,H
Cleveland Cavaliers,Denver Nuggets,H
New York Knicks,Washington Wizards,H
Los Angeles Lakers,Toronto Raptors,V
Indiana Pacers,Houston Rockets,V
Miami Heat,Oklahoma City Thunder,H
New Orleans Pelicans,San Antonio Spurs,V
Utah Jazz,Los Angeles Clippers,H
Phoenix Suns,Chicago Bulls,H
Boston Celtics,Sacramento Kings,V
Minnesota Timberwolves,Milwaukee Bucks,H
Charlotte Hornets,Dallas Mavericks,H
Cleveland Cavaliers,Detroit Pistons,H
Washington Wizards,Los Angeles Lakers,H
Memphis Grizzlies,Houston Rockets,V
Indiana Pacers,Portland Trail Blazers,H
New Orleans Pelicans,Atlanta Hawks,V
Orlando Magic,Oklahoma City Thunder,H
Phoenix Suns,Sacramento Kings,V
Utah Jazz,New York Knicks,V
Boston Celtics,Denver Nuggets,V
San Antonio Spurs,Golden State Warriors,V
Toronto Raptors,Philadelphia 76ers,V
Charlotte Hornets,New Orleans Pelicans,H
Los Angeles Lakers,Cleveland Cavaliers,V
Portland Trail Blazers,Detroit Pistons,V
Brooklyn Nets,Utah Jazz,H
Philadelphia 76ers,Miami Heat,H
Chicago Bulls,Toronto Raptors,H
Houston Rockets,Washington Wizards,H
Boston Celtics,Oklahoma City Thunder,V
Dallas Mavericks,Minnesota Timberwolves,H
Orlando Magic,Golden State Warriors,H
Atlanta Hawks,New York Knicks,V
Milwaukee Bucks,Chicago Bulls,H
Denver Nuggets,Los Angeles Clippers,H
New York Knicks,Charlotte Hornets,V
Detroit Pistons,Atlanta Hawks,H
Sacramento Kings,Indiana Pacers,V
Boston Celtics,Utah Jazz,H
Memphis Grizzlies,Brooklyn Nets,H
Golden State Warriors,Miami Heat,V
Phoenix Suns,Minnesota Timberwolves,V
Oklahoma City Thunder,Orlando Magic,H
Dallas Mavericks,Houston Rockets,H
Philadelphia 76ers,Los Angeles Lakers,V
San Antonio Spurs,Portland Trail Blazers,V
Toronto Raptors,Cleveland Cavaliers,H
Memphis Grizzlies,Indiana Pacers,H
Milwaukee Bucks,Washington Wizards,H
New Orleans Pelicans,Chicago Bulls,H
Phoenix Suns,Denver Nuggets,V
Charlotte Hornets,Utah Jazz,H
Washington Wizards,Detroit Pistons,V
Atlanta Hawks,Golden State Warriors,H
New York Knicks,Miami Heat,V
Minnesota Timberwolves,Dallas Mavericks,H
Houston Rockets,Portland Trail Blazers,V
Philadelphia 76ers,Los Angeles Clippers,V
San Antonio Spurs,New Orleans Pelicans,V
Sacramento Kings,Orlando Magic,V
Toronto Raptors,Indiana Pacers,H
Chicago Bulls,Cleveland Cavaliers,V
Memphis Grizzlies,Milwaukee Bucks,H
Brooklyn Nets,Miami Heat,V
Denver Nuggets,Oklahoma City Thunder,H
Houston Rockets,Portland Trail Blazers,V
New York Knicks,Detroit Pistons,V
Boston Celtics,Minnesota Timberwolves,H
Phoenix Suns,Philadelphia 76ers,H
Washington Wizards,Golden State Warriors,H
New Orleans Pelicans,Los Angeles Lakers,H
Charlotte Hornets,Brooklyn Nets,V
Dallas Mavericks,Utah Jazz,H
Denver Nuggets,Charlotte Hornets,V
Cleveland Cavaliers,Orlando Magic,H
Atlanta Hawks,Indiana Pacers,V
Miami Heat,Sacramento Kings,H
New York Knicks,Chicago Bulls,H
Toronto Raptors,Boston Celtics,H
San Antonio Spurs,Houston Rockets,V
Memphis Grizzlies,Golden State Warriors,H
Oklahoma City Thunder,Portland Trail Blazers,V
Milwaukee Bucks,Philadelphia 76ers,V
Chicago Bulls,Washington Wizards,V
Brooklyn Nets,Detroit Pistons,H
Dallas Mavericks,Los Angeles Lakers,H
Los Angeles Clippers,Utah Jazz,H
Dallas Mavericks,Cleveland Cavaliers,V
Denver Nuggets,Indiana Pacers,V
Washington Wizards,Orlando Magic,H
Miami Heat,Boston Celtics,V
Charlotte Hornets,New York Knicks,V
Toronto Raptors,Minnesota Timberwolves,H
Sacramento Kings,Houston Rockets,V
Atlanta Hawks,Oklahoma City Thunder,V
Memphis Grizzlies,San Antonio Spurs,V
Phoenix Suns,Golden State Warriors,V
New Orleans Pelicans,Portland Trail Blazers,V
Detroit Pistons,Philadelphia 76ers,H
Atlanta Hawks,Cleveland Cavaliers,H
Milwaukee Bucks,Brooklyn Nets,V
Chicago Bulls,Los Angeles Clippers,H
Utah Jazz,Los Angeles Lakers,H
Toronto Raptors,Orlando Magic,V
Washington Wizards,Dallas Mavericks,H
Boston Celtics,Indiana Pacers,H
Sacramento Kings,Houston Rockets,V
Memphis Grizzlies,Phoenix Suns,H
Los Angeles Clippers,Milwaukee Bucks,V
Detroit Pistons,Oklahoma City Thunder,V
San Antonio Spurs,Portland Trail Blazers,H
Minnesota Timberwolves,Denver Nuggets,V
New Orleans Pelicans,Los Angeles Lakers,V
Philadelphia 76ers,Charlotte Hornets,H
Cleveland Cavaliers,New York Knicks,V
Atlanta Hawks,Brooklyn Nets,H
Miami Heat,Chicago Bulls,V
Golden State Warriors,Utah Jazz,H
Boston Celtics,Washington Wizards,H
Dallas Mavericks,Milwaukee Bucks,V
Denver Nuggets,Los Angeles Lakers,V
Detroit Pistons,Indiana Pacers,V
Philadelphia 76ers,Cleveland Cavaliers,V
New York Knicks,Orlando Magic,V
Minnesota Timberwolves,Houston Rockets,V
Oklahoma City Thunder,Phoenix Suns,H
San Antonio Spurs,Portland Trail Blazers,H
Miami Heat,Toronto Raptors,V
Golden State Warriors,Sacramento Kings,V
Los Angeles Clippers,New Orleans Pelicans,H
Philadelphia 76ers,Indiana Pacers,V
Orlando Magic,Cleveland Cavaliers,H
Brooklyn Nets,Houston Rockets,H
Miami Heat,Charlotte Hornets,H
Toronto Raptors,Atlanta Hawks,H
Milwaukee Bucks,Chicago Bulls,V
Washington Wizards,Minnesota Timberwolves,V
Oklahoma City Thunder,Portland Trail Blazers,H
San Antonio Spurs,Denver Nuggets,V
Utah Jazz,Memphis Grizzlies,H
New Orleans Pelicans,Sacramento Kings,V
Phoenix Suns,Los Angeles Lakers,H
Dallas Mavericks,Detroit Pistons,V
Brooklyn Nets,New York Knicks,V
Atlanta Hawks,Washington Wizards,H
Boston Celtics,Chicago Bulls,V
Utah Jazz,Oklahoma City Thunder,H
Los Angeles Clippers,Phoenix Suns,H
Charlotte Hornets,Orlando Magic,H
Milwaukee Bucks,Boston Celtics,H
Toronto Raptors,Philadelphia 76ers,H
Minnesota Timberwolves,San Antonio Spurs,H
New Orleans Pelicans,Portland Trail Blazers,H
Denver Nuggets,Memphis Grizzlies,H
Golden State Warriors,Los Angeles Lakers,H
Milwaukee Bucks,Detroit Pistons,V
New York Knicks,Washington Wizards,V
Brooklyn Nets,Cleveland Cavaliers,H
Toronto Raptors,Houston Rockets,H
Charlotte Hornets,Chicago Bulls,V
Miami Heat,Atlanta Hawks,H
Dallas Mavericks,Portland Trail Blazers,H
Phoenix Suns,Utah Jazz,V
Los Angeles Lakers,Oklahoma City Thunder,H
Philadelphia 76ers,Indiana Pacers,H
Memphis Grizzlies,New Orleans Pelicans,H
Golden State Warriors,San Antonio Spurs,V
Los Angeles Clippers,Sacramento Kings,H
Brooklyn Nets,Indiana Pacers,H
Charlotte Hornets,Washington Wizards,H
Cleveland Cavaliers,Milwaukee Bucks,H
Atlanta Hawks,Houston Rockets,V
Boston Celtics,Memphis Grizzlies,V
New York Knicks,Toronto Raptors,H
Orlando Magic,Miami Heat,H
Philadelphia 76ers,Detroit Pistons,H
Chicago Bulls,Minnesota Timberwolves,V
Dallas Mavericks,San Antonio Spurs,H
Los Angeles Lakers,Denver Nuggets,V
Los Angeles Clippers,Oklahoma City Thunder,H
Golden State Warriors,New Orleans Pelicans,V
Sacramento Kings,Phoenix Suns,V
Utah Jazz,Portland Trail Blazers,V
Brooklyn Nets,Cleveland Cavaliers,H
Minnesota Timberwolves,Los Angeles Clippers,H
Atlanta Hawks,Charlotte Hornets,H
New Orleans Pelicans,San Antonio Spurs,H
Atlanta Hawks,Cleveland Cavaliers,V
New Orleans Pelicans,Los Angeles Clippers,V
Utah Jazz,Dallas Mavericks,V
Minnesota Timberwolves,Memphis Grizzlies,V
Philadelphia 76ers,Toronto Raptors,H
Golden State Warriors,Denver Nuggets,H
Miami Heat,Atlanta Hawks,H
Boston Celtics,Brooklyn Nets,H
Milwaukee Bucks,Chicago Bulls,H
Phoenix Suns,New Orleans Pelicans,H
Philadelphia 76ers,Toronto Raptors,H
Dallas Mavericks,Utah Jazz,H
Golden State Warriors,Denver Nuggets,H
Miami Heat,Atlanta Hawks,H
Memphis Grizzlies,Minnesota Timberwolves,H
New Orleans Pelicans,Phoenix Suns,V
Boston Celtics,Brooklyn Nets,H
Philadelphia 76ers,Toronto Raptors,V
Chicago Bulls,Milwaukee Bucks,V
Memphis Grizzlies,Minnesota Timberwolves,V
Dallas Mavericks,Utah Jazz,V
Golden State Warriors,Denver Nuggets,V
Atlanta Hawks,Miami Heat,H
Milwaukee Bucks,Chicago Bulls,V
Phoenix Suns,New Orleans Pelicans,V
Toronto Raptors,Philadelphia 76ers,H
Utah Jazz,Dallas Mavericks,H
Boston Celtics,Brooklyn Nets,V
Minnesota Timberwolves,Memphis Grizzlies,H
Milwaukee Bucks,Chicago Bulls,V
Denver Nuggets,Golden State Warriors,H
Miami Heat,Atlanta Hawks,V
New Orleans Pelicans,Phoenix Suns,H
Boston Celtics,Brooklyn Nets,V
Toronto Raptors,Philadelphia 76ers,V
Dallas Mavericks,Utah Jazz,H
Miami Heat,Atlanta Hawks,H
Memphis Grizzlies,Minnesota Timberwolves,H
Phoenix Suns,New Orleans Pelicans,H
Milwaukee Bucks,Chicago Bulls,H
Golden State Warriors,Denver Nuggets,H
Philadelphia 76ers,Toronto Raptors,V
Phoenix Suns,New Orleans Pelicans,V
Dallas Mavericks,Utah Jazz,V
Memphis Grizzlies,Minnesota Timberwolves,V
Milwaukee Bucks,Boston Celtics,V
Golden State Warriors,Memphis Grizzlies,V
Miami Heat,Philadelphia 76ers,H
Phoenix Suns,Dallas Mavericks,H
Boston Celtics,Milwaukee Bucks,H
Memphis Grizzlies,Golden State Warriors,H
Miami Heat,Philadelphia 76ers,H
Phoenix Suns,Dallas Mavericks,H
Philadelphia 76ers,Miami Heat,H
Dallas Mavericks,Phoenix Suns,H
Milwaukee Bucks,Boston Celtics,H
Golden State Warriors,Memphis Grizzlies,H
Dallas Mavericks,Phoenix Suns,H
Philadelphia 76ers,Miami Heat,H
Boston Celtics,Milwaukee Bucks,V
Golden State Warriors,Memphis Grizzlies,H
Miami Heat,Philadelphia 76ers,H
Phoenix Suns,Dallas Mavericks,H
Milwaukee Bucks,Boston Celtics,V
Memphis Grizzlies,Golden State Warriors,H
Miami Heat,Philadelphia 76ers,V
Dallas Mavericks,Phoenix Suns,H
Boston Celtics,Milwaukee Bucks,V
Golden State Warriors,Memphis Grizzlies,H
Boston Celtics,Milwaukee Bucks,H
Dallas Mavericks,Phoenix Suns,V
Miami Heat,Boston Celtics,H
Golden State Warriors,Dallas Mavericks,H
Boston Celtics,Miami Heat,V
Golden State Warriors,Dallas Mavericks,H
Miami Heat,Boston Celtics,V
Golden State Warriors,Dallas Mavericks,V
Boston Celtics,Miami Heat,H
Dallas Mavericks,Golden State Warriors,H
Boston Celtics,Miami Heat,V
Golden State Warriors,Dallas Mavericks,H
Miami Heat,Boston Celtics,V
Boston Celtics,Miami Heat,V
Boston Celtics,Golden State Warriors,V
Golden State Warriors,Boston Celtics,H
Boston Celtics,Golden State Warriors,H
Golden State Warriors,Boston Celtics,V
Golden State Warriors,Boston Celtics,H
Golden State Warriors,Boston Celtics,V
