Visitor/Neutral,PTS,Home/Neutral,PTS,Result (so far)
Philadelphia 76ers,117,Boston Celtics,126,Boston Celtics
Los Angeles Lakers,109,Golden State Warriors,123,Golden State Warriors
Orlando Magic,109,Detroit Pistons,113,Detroit Pistons
Washington Wizards,114,Indiana Pacers,107,Washington Wizards
Houston Rockets,107,Atlanta Hawks,117,Atlanta Hawks
New Orleans Pelicans,130,Brooklyn Nets,108,New Orleans Pelicans
New York Knicks,112,Memphis Grizzlies,115,Memphis Grizzlies
Chicago Bulls,116,Miami Heat,108,Chicago Bulls
Cleveland Cavaliers,105,Toronto Raptors,108,Toronto Raptors
Oklahoma City Thunder,108,Minnesota Timberwolves,115,Minnesota Timberwolves
Charlotte Hornets,129,San Antonio Spurs,102,Charlotte Hornets
Denver Nuggets,102,Utah Jazz,123,Utah Jazz
Dallas Mavericks,105,Phoenix Suns,107,Phoenix Suns
Portland Trail Blazers,115,Sacramento Kings,108,Portland Trail Blazers
Milwaukee Bucks,90,Philadelphia 76ers,88,Milwaukee Bucks
Los Angeles Clippers,103,Los Angeles Lakers,97,Los Angeles Clippers
New Orleans Pelicans,124,Charlotte Hornets,112,New Orleans Pelicans
San Antonio Spurs,137,Indiana Pacers,134,San Antonio Spurs
Chicago Bulls,100,Washington Wizards,102,Washington Wizards
Orlando Magic,98,Atlanta Hawks,108,Atlanta Hawks
Toronto Raptors,105,Brooklyn Nets,109,Brooklyn Nets
Boston Celtics,111,Miami Heat,104,Boston Celtics
Detroit Pistons,106,New York Knicks,130,New York Knicks
Memphis Grizzlies,129,Houston Rockets,122,Memphis Grizzlies
Utah Jazz,132,Minnesota Timberwolves,126,Utah Jazz
Denver Nuggets,128,Golden State Warriors,123,Denver Nuggets
Phoenix Suns,111,Portland Trail Blazers,113,Portland Trail Blazers
San Antonio Spurs,114,Philadelphia 76ers,105,San Antonio Spurs
Detroit Pistons,115,Indiana Pacers,124,Indiana Pacers
Boston Celtics,126,Orlando Magic,120,Boston Celtics
Cleveland Cavaliers,128,Chicago Bulls,96,Cleveland Cavaliers
Toronto Raptors,109,Miami Heat,112,Miami Heat
Houston Rockets,105,Milwaukee Bucks,125,Milwaukee Bucks
Memphis Grizzlies,96,Dallas Mavericks,137,Dallas Mavericks
Oklahoma City Thunder,117,Denver Nuggets,122,Denver Nuggets
Los Angeles Clippers,111,Sacramento Kings,109,Los Angeles Clippers
Portland Trail Blazers,106,Los Angeles Lakers,104,Portland Trail Blazers
Charlotte Hornets,126,Atlanta Hawks,109,Charlotte Hornets
Washington Wizards,107,Cleveland Cavaliers,117,Cleveland Cavaliers
Utah Jazz,122,New Orleans Pelicans,121,Utah Jazz
Minnesota Timberwolves,116,Oklahoma City Thunder,106,Minnesota Timberwolves
Sacramento Kings,125,Golden State Warriors,130,Golden State Warriors
Phoenix Suns,112,Los Angeles Clippers,95,Phoenix Suns
Indiana Pacers,106,Philadelphia 76ers,120,Philadelphia 76ers
Toronto Raptors,98,Miami Heat,90,Toronto Raptors
Orlando Magic,102,New York Knicks,115,New York Knicks
Boston Celtics,102,Chicago Bulls,120,Chicago Bulls
Utah Jazz,108,Houston Rockets,114,Houston Rockets
Brooklyn Nets,124,Memphis Grizzlies,134,Memphis Grizzlies
San Antonio Spurs,115,Minnesota Timberwolves,106,San Antonio Spurs
Denver Nuggets,110,Portland Trail Blazers,135,Portland Trail Blazers
Detroit Pistons,99,Washington Wizards,120,Washington Wizards
Dallas Mavericks,111,New Orleans Pelicans,113,New Orleans Pelicans
Los Angeles Clippers,94,Oklahoma City Thunder,108,Oklahoma City Thunder
Golden State Warriors,105,Phoenix Suns,134,Phoenix Suns
Orlando Magic,92,Cleveland Cavaliers,103,Cleveland Cavaliers
Atlanta Hawks,118,Detroit Pistons,113,Atlanta Hawks
Brooklyn Nets,99,Milwaukee Bucks,110,Milwaukee Bucks
Charlotte Hornets,131,New York Knicks,134,New York Knicks
Philadelphia 76ers,109,Toronto Raptors,119,Toronto Raptors
Indiana Pacers,109,Chicago Bulls,124,Chicago Bulls
San Antonio Spurs,122,Minnesota Timberwolves,134,Minnesota Timberwolves
Houston Rockets,101,Utah Jazz,109,Utah Jazz
Los Angeles Lakers,99,Denver Nuggets,110,Denver Nuggets
Miami Heat,119,Portland Trail Blazers,98,Miami Heat
Dallas Mavericks,129,Brooklyn Nets,125,Dallas Mavericks
Los Angeles Clippers,110,Oklahoma City Thunder,118,Oklahoma City Thunder
Miami Heat,110,Golden State Warriors,123,Golden State Warriors
Memphis Grizzlies,125,Sacramento Kings,110,Memphis Grizzlies
Atlanta Hawks,136,Detroit Pistons,112,Atlanta Hawks
Charlotte Hornets,93,Orlando Magic,113,Orlando Magic
Cleveland Cavaliers,132,Boston Celtics,123,Cleveland Cavaliers
Philadelphia 76ers,112,Toronto Raptors,90,Philadelphia 76ers
Indiana Pacers,127,Washington Wizards,117,Indiana Pacers
New York Knicks,108,Milwaukee Bucks,119,Milwaukee Bucks
Los Angeles Lakers,102,Minnesota Timberwolves,111,Minnesota Timberwolves
Chicago Bulls,124,San Antonio Spurs,129,San Antonio Spurs
Utah Jazz,101,Denver Nuggets,117,Denver Nuggets
New Orleans Pelicans,111,Phoenix Suns,124,Phoenix Suns
Houston Rockets,111,Portland Trail Blazers,125,Portland Trail Blazers
Miami Heat,113,Sacramento Kings,119,Sacramento Kings
Golden State Warriors,113,Charlotte Hornets,120,Charlotte Hornets
Indiana Pacers,125,Brooklyn Nets,116,Indiana Pacers
Philadelphia 76ers,114,Chicago Bulls,109,Philadelphia 76ers
Atlanta Hawks,115,Milwaukee Bucks,123,Milwaukee Bucks
Oklahoma City Thunder,117,Dallas Mavericks,111,Oklahoma City Thunder
Memphis Grizzlies,123,Utah Jazz,124,Utah Jazz
New Orleans Pelicans,112,Los Angeles Clippers,91,New Orleans Pelicans
Washington Wizards,94,Boston Celtics,112,Boston Celtics
New York Knicks,108,Cleveland Cavaliers,121,Cleveland Cavaliers
Golden State Warriors,114,Detroit Pistons,128,Detroit Pistons
Minnesota Timberwolves,98,San Antonio Spurs,107,San Antonio Spurs
Orlando Magic,105,Dallas Mavericks,114,Dallas Mavericks
Houston Rockets,109,Phoenix Suns,124,Phoenix Suns
Denver Nuggets,110,Los Angeles Lakers,121,Los Angeles Lakers
Sacramento Kings,115,Charlotte Hornets,108,Sacramento Kings
Philadelphia 76ers,118,Washington Wizards,111,Philadelphia 76ers
Indiana Pacers,109,Brooklyn Nets,116,Brooklyn Nets
Atlanta Hawks,109,Toronto Raptors,139,Toronto Raptors
Detroit Pistons,108,Milwaukee Bucks,110,Milwaukee Bucks
Memphis Grizzlies,105,Utah Jazz,121,Utah Jazz
Houston Rockets,93,Los Angeles Clippers,95,Los Angeles Clippers
Chicago Bulls,108,Brooklyn Nets,99,Chicago Bulls
Golden State Warriors,109,Miami Heat,116,Miami Heat
Orlando Magic,108,Oklahoma City Thunder,116,Oklahoma City Thunder
Minnesota Timberwolves,107,Phoenix Suns,116,Phoenix Suns
Washington Wizards,121,Philadelphia 76ers,111,Washington Wizards
Boston Celtics,113,Cleveland Cavaliers,114,Cleveland Cavaliers
Sacramento Kings,107,Miami Heat,110,Miami Heat
Atlanta Hawks,112,New York Knicks,99,Atlanta Hawks
Charlotte Hornets,88,Chicago Bulls,106,Chicago Bulls
Los Angeles Clippers,109,Houston Rockets,101,Los Angeles Clippers
Detroit Pistons,91,Milwaukee Bucks,116,Milwaukee Bucks
Toronto Raptors,143,San Antonio Spurs,100,Toronto Raptors
Utah Jazz,100,Dallas Mavericks,103,Dallas Mavericks
Memphis Grizzlies,111,Portland Trail Blazers,106,Memphis Grizzlies
New Orleans Pelicans,117,Los Angeles Lakers,120,Los Angeles Lakers
Golden State Warriors,129,Orlando Magic,130,Orlando Magic
Denver Nuggets,122,Oklahoma City Thunder,110,Denver Nuggets
Cleveland Cavaliers,112,Detroit Pistons,88,Cleveland Cavaliers
Miami Heat,99,Indiana Pacers,101,Indiana Pacers
New York Knicks,106,Philadelphia 76ers,104,New York Knicks
Brooklyn Nets,128,Washington Wizards,86,Brooklyn Nets
Chicago Bulls,119,Boston Celtics,123,Boston Celtics
Charlotte Hornets,99,Memphis Grizzlies,130,Memphis Grizzlies
Los Angeles Clippers,113,San Antonio Spurs,106,Los Angeles Clippers
Toronto Raptors,110,Dallas Mavericks,111,Dallas Mavericks
Golden State Warriors,105,New Orleans Pelicans,114,New Orleans Pelicans
Milwaukee Bucks,115,Minnesota Timberwolves,102,Milwaukee Bucks
Portland Trail Blazers,108,Phoenix Suns,106,Portland Trail Blazers
Utah Jazz,130,Los Angeles Lakers,116,Utah Jazz
Sacramento Kings,126,Orlando Magic,123,Sacramento Kings
Brooklyn Nets,98,Charlotte Hornets,94,Brooklyn Nets
New Orleans Pelicans,121,Atlanta Hawks,124,Atlanta Hawks
Boston Celtics,133,New York Knicks,118,Boston Celtics
Oklahoma City Thunder,94,Milwaukee Bucks,108,Milwaukee Bucks
Houston Rockets,117,Minnesota Timberwolves,129,Minnesota Timberwolves
San Antonio Spurs,101,Denver Nuggets,126,Denver Nuggets
Portland Trail Blazers,82,Phoenix Suns,102,Phoenix Suns
Cleveland Cavaliers,114,Los Angeles Lakers,100,Cleveland Cavaliers
Washington Wizards,97,Memphis Grizzlies,103,Memphis Grizzlies
Chicago Bulls,104,Toronto Raptors,113,Toronto Raptors
Utah Jazz,110,Los Angeles Clippers,102,Utah Jazz
Washington Wizards,108,Charlotte Hornets,100,Washington Wizards
Houston Rockets,134,Orlando Magic,127,Houston Rockets
Oklahoma City Thunder,103,Detroit Pistons,112,Detroit Pistons
New Orleans Pelicans,122,Indiana Pacers,129,Indiana Pacers
Phoenix Suns,88,Philadelphia 76ers,100,Philadelphia 76ers
Milwaukee Bucks,98,Atlanta Hawks,117,Atlanta Hawks
Portland Trail Blazers,110,Miami Heat,107,Portland Trail Blazers
Toronto Raptors,97,Chicago Bulls,111,Chicago Bulls
Boston Celtics,109,Memphis Grizzlies,106,Boston Celtics
New York Knicks,120,Minnesota Timberwolves,107,New York Knicks
Denver Nuggets,115,San Antonio Spurs,109,Denver Nuggets
Brooklyn Nets,94,Dallas Mavericks,96,Dallas Mavericks
Sacramento Kings,113,Golden State Warriors,116,Golden State Warriors
Los Angeles Lakers,116,Utah Jazz,139,Utah Jazz
Cleveland Cavaliers,117,Los Angeles Clippers,119,Los Angeles Clippers
Dallas Mavericks,87,Orlando Magic,94,Orlando Magic
Portland Trail Blazers,105,Charlotte Hornets,95,Portland Trail Blazers
Denver Nuggets,122,Indiana Pacers,119,Denver Nuggets
Utah Jazz,125,Atlanta Hawks,119,Utah Jazz
Detroit Pistons,112,Boston Celtics,128,Boston Celtics
New York Knicks,85,Brooklyn Nets,112,Brooklyn Nets
Houston Rockets,109,Toronto Raptors,116,Toronto Raptors
New Orleans Pelicans,115,Chicago Bulls,111,New Orleans Pelicans
Phoenix Suns,129,Minnesota Timberwolves,117,Phoenix Suns
Milwaukee Bucks,136,Oklahoma City Thunder,132,Milwaukee Bucks
Memphis Grizzlies,124,San Antonio Spurs,122,Memphis Grizzlies
Los Angeles Lakers,101,Los Angeles Clippers,114,Los Angeles Clippers
Cleveland Cavaliers,120,Sacramento Kings,127,Sacramento Kings
Dallas Mavericks,105,Washington Wizards,113,Washington Wizards
Philadelphia 76ers,95,Atlanta Hawks,104,Atlanta Hawks
Charlotte Hornets,112,Miami Heat,117,Miami Heat
Portland Trail Blazers,106,New Orleans Pelicans,95,Portland Trail Blazers
Denver Nuggets,112,Boston Celtics,131,Boston Celtics
Phoenix Suns,97,Orlando Magic,114,Orlando Magic
Detroit Pistons,112,New York Knicks,121,New York Knicks
Toronto Raptors,113,Oklahoma City Thunder,132,Oklahoma City Thunder
Milwaukee Bucks,93,San Antonio Spurs,111,San Antonio Spurs
Minnesota Timberwolves,103,Memphis Grizzlies,114,Memphis Grizzlies
Cleveland Cavaliers,101,Golden State Warriors,106,Golden State Warriors
Sacramento Kings,120,Los Angeles Lakers,114,Sacramento Kings
Brooklyn Nets,110,Los Angeles Clippers,95,Brooklyn Nets
Utah Jazz,112,Washington Wizards,121,Washington Wizards
Boston Celtics,117,Detroit Pistons,108,Boston Celtics
Toronto Raptors,104,Indiana Pacers,118,Indiana Pacers
Atlanta Hawks,109,Philadelphia 76ers,121,Philadelphia 76ers
Charlotte Hornets,115,Miami Heat,132,Miami Heat
Portland Trail Blazers,112,Dallas Mavericks,117,Dallas Mavericks
Houston Rockets,106,New Orleans Pelicans,119,New Orleans Pelicans
Oklahoma City Thunder,145,New York Knicks,135,Oklahoma City Thunder
Minnesota Timberwolves,129,Cleveland Cavaliers,124,Minnesota Timberwolves
Memphis Grizzlies,92,Washington Wizards,102,Washington Wizards
Utah Jazz,98,Philadelphia 76ers,105,Philadelphia 76ers
Denver Nuggets,126,Chicago Bulls,103,Denver Nuggets
Golden State Warriors,115,Sacramento Kings,122,Sacramento Kings
Brooklyn Nets,103,Los Angeles Lakers,116,Los Angeles Lakers
Toronto Raptors,115,Detroit Pistons,111,Toronto Raptors
Charlotte Hornets,112,Orlando Magic,105,Charlotte Hornets
Oklahoma City Thunder,122,Boston Celtics,126,Boston Celtics
Phoenix Suns,112,Miami Heat,113,Miami Heat
Los Angeles Clippers,122,Houston Rockets,106,Los Angeles Clippers
Atlanta Hawks,121,Milwaukee Bucks,106,Atlanta Hawks
San Antonio Spurs,95,Golden State Warriors,132,Golden State Warriors
Memphis Grizzlies,102,New Orleans Pelicans,113,New Orleans Pelicans
Los Angeles Clippers,101,Dallas Mavericks,103,Dallas Mavericks
New York Knicks,118,Utah Jazz,111,New York Knicks
San Antonio Spurs,110,Portland Trail Blazers,117,Portland Trail Blazers
Brooklyn Nets,121,Sacramento Kings,153,Sacramento Kings
Indiana Pacers,125,Charlotte Hornets,113,Indiana Pacers
Minnesota Timberwolves,126,Orlando Magic,108,Minnesota Timberwolves
Oklahoma City Thunder,121,Washington Wizards,120,Oklahoma City Thunder
Boston Celtics,126,Atlanta Hawks,101,Boston Celtics
Miami Heat,104,Toronto Raptors,112,Toronto Raptors
Cleveland Cavaliers,98,Milwaukee Bucks,113,Milwaukee Bucks
Chicago Bulls,110,New Orleans Pelicans,124,New Orleans Pelicans
Houston Rockets,101,Dallas Mavericks,92,Houston Rockets
New York Knicks,106,Denver Nuggets,103,New York Knicks
Golden State Warriors,119,Phoenix Suns,130,Phoenix Suns
Brooklyn Nets,109,Portland Trail Blazers,107,Brooklyn Nets
San Antonio Spurs,112,Sacramento Kings,130,Sacramento Kings
Detroit Pistons,91,Los Angeles Clippers,96,Los Angeles Clippers
Miami Heat,106,Washington Wizards,107,Washington Wizards
Charlotte Hornets,122,Cleveland Cavaliers,132,Cleveland Cavaliers
Milwaukee Bucks,102,Philadelphia 76ers,110,Philadelphia 76ers
Orlando Magic,108,Chicago Bulls,107,Orlando Magic
Indiana Pacers,99,Houston Rockets,91,Indiana Pacers
Oklahoma City Thunder,110,Memphis Grizzlies,121,Memphis Grizzlies
Denver Nuggets,99,Dallas Mavericks,127,Dallas Mavericks
Boston Celtics,117,New Orleans Pelicans,109,Boston Celtics
Phoenix Suns,133,Utah Jazz,134,Utah Jazz
New York Knicks,101,Golden State Warriors,111,Golden State Warriors
Detroit Pistons,121,Los Angeles Lakers,128,Los Angeles Lakers
Toronto Raptors,122,Atlanta Hawks,124,Atlanta Hawks
Orlando Magic,113,Indiana Pacers,114,Indiana Pacers
Minnesota Timberwolves,112,Philadelphia 76ers,109,Minnesota Timberwolves
Utah Jazz,118,Portland Trail Blazers,113,Utah Jazz
San Antonio Spurs,97,Los Angeles Clippers,119,Los Angeles Clippers
New York Knicks,95,Phoenix Suns,116,Phoenix Suns
Detroit Pistons,129,Sacramento Kings,137,Sacramento Kings
Charlotte Hornets,102,Washington Wizards,106,Washington Wizards
Memphis Grizzlies,115,Brooklyn Nets,127,Brooklyn Nets
Miami Heat,87,Cleveland Cavaliers,113,Cleveland Cavaliers
Golden State Warriors,127,Houston Rockets,120,Golden State Warriors
Denver Nuggets,98,Dallas Mavericks,97,Denver Nuggets
San Antonio Spurs,92,Los Angeles Lakers,123,Los Angeles Lakers
Atlanta Hawks,102,Cleveland Cavaliers,114,Cleveland Cavaliers
Orlando Magic,102,Indiana Pacers,123,Indiana Pacers
Boston Celtics,107,Chicago Bulls,121,Chicago Bulls
Portland Trail Blazers,111,Milwaukee Bucks,119,Milwaukee Bucks
Miami Heat,101,Minnesota Timberwolves,105,Minnesota Timberwolves
Golden State Warriors,83,New Orleans Pelicans,128,New Orleans Pelicans
New York Knicks,129,Oklahoma City Thunder,119,New York Knicks
Utah Jazz,114,Los Angeles Clippers,121,Los Angeles Clippers
Brooklyn Nets,106,Philadelphia 76ers,115,Philadelphia 76ers
Sacramento Kings,113,Memphis Grizzlies,109,Sacramento Kings
Detroit Pistons,110,Denver Nuggets,108,Detroit Pistons
Los Angeles Lakers,105,Phoenix Suns,115,Phoenix Suns
Philadelphia 76ers,101,Charlotte Hornets,107,Charlotte Hornets
Portland Trail Blazers,96,Cleveland Cavaliers,114,Cleveland Cavaliers
Minnesota Timberwolves,115,Indiana Pacers,101,Minnesota Timberwolves
Sacramento Kings,106,Atlanta Hawks,115,Atlanta Hawks
Dallas Mavericks,112,Boston Celtics,125,Boston Celtics
Washington Wizards,105,Miami Heat,113,Miami Heat
Brooklyn Nets,112,Toronto Raptors,98,Brooklyn Nets
Chicago Bulls,118,Milwaukee Bucks,113,Chicago Bulls
Denver Nuggets,131,Oklahoma City Thunder,126,Denver Nuggets
New Orleans Pelicans,129,San Antonio Spurs,110,New Orleans Pelicans
Detroit Pistons,125,Utah Jazz,116,Detroit Pistons
Los Angeles Clippers,107,Golden State Warriors,124,Golden State Warriors
Minnesota Timberwolves,108,Charlotte Hornets,110,Charlotte Hornets
Philadelphia 76ers,107,Orlando Magic,99,Philadelphia 76ers
Portland Trail Blazers,132,New York Knicks,129,Portland Trail Blazers
Sacramento Kings,104,Boston Celtics,122,Boston Celtics
Atlanta Hawks,122,Houston Rockets,128,Houston Rockets
Brooklyn Nets,117,Indiana Pacers,128,Indiana Pacers
New Orleans Pelicans,111,Memphis Grizzlies,132,Memphis Grizzlies
Washington Wizards,107,Miami Heat,110,Miami Heat
Cleveland Cavaliers,102,Milwaukee Bucks,117,Milwaukee Bucks
Chicago Bulls,119,Oklahoma City Thunder,123,Oklahoma City Thunder
Los Angeles Lakers,105,San Antonio Spurs,94,Los Angeles Lakers
Detroit Pistons,102,Phoenix Suns,108,Phoenix Suns
Utah Jazz,118,Golden State Warriors,129,Golden State Warriors
Denver Nuggets,114,Los Angeles Clippers,104,Denver Nuggets
Dallas Mavericks,100,Toronto Raptors,105,Toronto Raptors
Oklahoma City Thunder,105,Houston Rockets,118,Houston Rockets
Los Angeles Lakers,143,San Antonio Spurs,138,Los Angeles Lakers
Utah Jazz,112,Phoenix Suns,113,Phoenix Suns
Portland Trail Blazers,97,Brooklyn Nets,111,Brooklyn Nets
Golden State Warriors,137,Minnesota Timberwolves,114,Golden State Warriors
Indiana Pacers,100,Los Angeles Clippers,114,Los Angeles Clippers
Miami Heat,106,Atlanta Hawks,98,Miami Heat
Washington Wizards,121,Boston Celtics,130,Boston Celtics
Cleveland Cavaliers,102,Detroit Pistons,94,Cleveland Cavaliers
Memphis Grizzlies,127,New York Knicks,123,Memphis Grizzlies
Philadelphia 76ers,133,Orlando Magic,103,Philadelphia 76ers
Dallas Mavericks,115,Milwaukee Bucks,124,Milwaukee Bucks
Atlanta Hawks,101,Philadelphia 76ers,104,Philadelphia 76ers
Minnesota Timberwolves,127,Washington Wizards,142,Washington Wizards
Charlotte Hornets,105,Boston Celtics,140,Boston Celtics
Orlando Magic,102,Brooklyn Nets,109,Brooklyn Nets
Cleveland Cavaliers,88,Toronto Raptors,100,Toronto Raptors
Oklahoma City Thunder,101,New Orleans Pelicans,105,New Orleans Pelicans
Houston Rockets,113,Denver Nuggets,129,Denver Nuggets
Chicago Bulls,114,Utah Jazz,107,Chicago Bulls
Phoenix Suns,122,Sacramento Kings,117,Phoenix Suns
Indiana Pacers,116,Los Angeles Lakers,115,Indiana Pacers
New York Knicks,140,Detroit Pistons,110,New York Knicks
Golden State Warriors,113,Dallas Mavericks,116,Dallas Mavericks
Los Angeles Clippers,118,Portland Trail Blazers,112,Los Angeles Clippers
Philadelphia 76ers,85,Cleveland Cavaliers,113,Cleveland Cavaliers
Atlanta Hawks,125,Orlando Magic,108,Atlanta Hawks
Miami Heat,121,Boston Celtics,134,Boston Celtics
Washington Wizards,107,Brooklyn Nets,113,Brooklyn Nets
Milwaukee Bucks,109,New York Knicks,103,Milwaukee Bucks
Memphis Grizzlies,101,Minnesota Timberwolves,109,Minnesota Timberwolves
Toronto Raptors,108,New Orleans Pelicans,126,New Orleans Pelicans
San Antonio Spurs,111,Oklahoma City Thunder,119,Oklahoma City Thunder
Houston Rockets,100,Denver Nuggets,120,Denver Nuggets
Chicago Bulls,113,Phoenix Suns,132,Phoenix Suns
Los Angeles Clippers,112,Utah Jazz,125,Utah Jazz
Indiana Pacers,114,Sacramento Kings,137,Sacramento Kings
Portland Trail Blazers,109,Los Angeles Lakers,128,Los Angeles Lakers
Dallas Mavericks,125,Detroit Pistons,131,Detroit Pistons
Washington Wizards,116,Charlotte Hornets,117,Charlotte Hornets
Denver Nuggets,109,Atlanta Hawks,117,Atlanta Hawks
Miami Heat,120,Boston Celtics,116,Miami Heat
Toronto Raptors,105,Brooklyn Nets,114,Brooklyn Nets
Orlando Magic,96,Cleveland Cavaliers,107,Cleveland Cavaliers
Los Angeles Lakers,133,Milwaukee Bucks,129,Los Angeles Lakers
Philadelphia 76ers,109,Memphis Grizzlies,117,Memphis Grizzlies
New Orleans Pelicans,117,San Antonio Spurs,99,New Orleans Pelicans
Houston Rockets,122,Phoenix Suns,121,Houston Rockets
Indiana Pacers,119,Utah Jazz,139,Utah Jazz
Chicago Bulls,111,Golden State Warriors,119,Golden State Warriors
Dallas Mavericks,121,New York Knicks,100,Dallas Mavericks
Sacramento Kings,123,Los Angeles Clippers,96,Sacramento Kings
Milwaukee Bucks,105,Charlotte Hornets,96,Milwaukee Bucks
Oklahoma City Thunder,135,Minnesota Timberwolves,128,Oklahoma City Thunder
Orlando Magic,108,Toronto Raptors,121,Toronto Raptors
Houston Rockets,101,Golden State Warriors,120,Golden State Warriors
Portland Trail Blazers,116,Utah Jazz,111,Portland Trail Blazers
Denver Nuggets,106,New Orleans Pelicans,121,New Orleans Pelicans
Phoenix Suns,133,San Antonio Spurs,95,Phoenix Suns
Boston Celtics,103,Brooklyn Nets,92,Boston Celtics
Memphis Grizzlies,122,Detroit Pistons,112,Memphis Grizzlies
Cleveland Cavaliers,81,New York Knicks,92,New York Knicks
Chicago Bulls,101,Sacramento Kings,110,Sacramento Kings
Los Angeles Lakers,130,Washington Wizards,119,Los Angeles Lakers
Indiana Pacers,100,Portland Trail Blazers,116,Portland Trail Blazers
Los Angeles Clippers,119,Charlotte Hornets,117,Los Angeles Clippers
Milwaukee Bucks,109,Orlando Magic,102,Milwaukee Bucks
Oklahoma City Thunder,121,Atlanta Hawks,114,Oklahoma City Thunder
Boston Celtics,116,Toronto Raptors,110,Boston Celtics
Philadelphia 76ers,123,Houston Rockets,132,Houston Rockets
Miami Heat,93,Memphis Grizzlies,101,Memphis Grizzlies
Phoenix Suns,111,Dallas Mavericks,130,Dallas Mavericks
Indiana Pacers,112,Golden State Warriors,104,Indiana Pacers
Los Angeles Lakers,102,Cleveland Cavaliers,116,Cleveland Cavaliers
Detroit Pistons,116,Miami Heat,96,Detroit Pistons
Dallas Mavericks,116,Denver Nuggets,115,Dallas Mavericks
Los Angeles Clippers,111,Orlando Magic,116,Orlando Magic
Charlotte Hornets,116,Brooklyn Nets,122,Brooklyn Nets
Atlanta Hawks,89,New York Knicks,113,New York Knicks
Los Angeles Lakers,113,Toronto Raptors,126,Toronto Raptors
Washington Wizards,111,Chicago Bulls,115,Chicago Bulls
Oklahoma City Thunder,102,Memphis Grizzlies,123,Memphis Grizzlies
Sacramento Kings,113,Milwaukee Bucks,126,Milwaukee Bucks
Indiana Pacers,115,Minnesota Timberwolves,121,Minnesota Timberwolves
Detroit Pistons,98,New Orleans Pelicans,104,New Orleans Pelicans
Golden State Warriors,123,Utah Jazz,124,Utah Jazz
Boston Celtics,125,Phoenix Suns,98,Boston Celtics
Los Angeles Clippers,110,Miami Heat,115,Miami Heat
Houston Rockets,109,San Antonio Spurs,118,San Antonio Spurs
Denver Nuggets,121,Portland Trail Blazers,120,Denver Nuggets
New York Knicks,121,Charlotte Hornets,102,New York Knicks
Washington Wizards,111,Indiana Pacers,121,Indiana Pacers
Toronto Raptors,109,Orlando Magic,113,Orlando Magic
Atlanta Hawks,116,Brooklyn Nets,120,Brooklyn Nets
Sacramento Kings,106,Cleveland Cavaliers,95,Sacramento Kings
Los Angeles Lakers,122,Philadelphia 76ers,133,Philadelphia 76ers
Detroit Pistons,103,Memphis Grizzlies,114,Memphis Grizzlies
Phoenix Suns,117,New Orleans Pelicans,128,New Orleans Pelicans
Minnesota Timberwolves,118,Utah Jazz,108,Minnesota Timberwolves
Milwaukee Bucks,106,Dallas Mavericks,105,Milwaukee Bucks
San Antonio Spurs,115,Miami Heat,111,San Antonio Spurs
Brooklyn Nets,136,Indiana Pacers,133,Brooklyn Nets
Los Angeles Clippers,114,Washington Wizards,107,Los Angeles Clippers
Oklahoma City Thunder,102,Cleveland Cavaliers,110,Cleveland Cavaliers
Dallas Mavericks,115,Chicago Bulls,144,Chicago Bulls
Boston Celtics,107,Golden State Warriors,123,Golden State Warriors
Utah Jazz,110,Denver Nuggets,115,Denver Nuggets
Minnesota Timberwolves,118,Portland Trail Blazers,124,Portland Trail Blazers
Phoenix Suns,124,New Orleans Pelicans,129,New Orleans Pelicans
Los Angeles Lakers,124,Detroit Pistons,117,Los Angeles Lakers
Sacramento Kings,99,New York Knicks,112,New York Knicks
Toronto Raptors,99,Orlando Magic,111,Orlando Magic
Charlotte Hornets,113,Philadelphia 76ers,131,Philadelphia 76ers
Chicago Bulls,122,Atlanta Hawks,123,Atlanta Hawks
Milwaukee Bucks,92,Houston Rockets,97,Houston Rockets
Miami Heat,87,Indiana Pacers,82,Miami Heat
Brooklyn Nets,112,Washington Wizards,100,Brooklyn Nets
Atlanta Hawks,103,Memphis Grizzlies,128,Memphis Grizzlies
Oklahoma City Thunder,114,Dallas Mavericks,121,Dallas Mavericks
Cleveland Cavaliers,111,San Antonio Spurs,112,San Antonio Spurs
Minnesota Timberwolves,112,Portland Trail Blazers,133,Portland Trail Blazers
Boston Celtics,93,Los Angeles Clippers,113,Los Angeles Clippers
Sacramento Kings,103,Philadelphia 76ers,123,Philadelphia 76ers
Golden State Warriors,111,Milwaukee Bucks,128,Milwaukee Bucks
Phoenix Suns,97,Houston Rockets,111,Houston Rockets
New Orleans Pelicans,100,Utah Jazz,121,Utah Jazz
Boston Celtics,122,Los Angeles Lakers,118,Boston Celtics
Detroit Pistons,141,Charlotte Hornets,134,Detroit Pistons
Golden State Warriors,119,Indiana Pacers,125,Indiana Pacers
Atlanta Hawks,124,Orlando Magic,135,Orlando Magic
New York Knicks,128,Chicago Bulls,120,New York Knicks
Sacramento Kings,124,Toronto Raptors,123,Sacramento Kings
Miami Heat,110,Oklahoma City Thunder,108,Miami Heat
Portland Trail Blazers,128,San Antonio Spurs,112,Portland Trail Blazers
Cleveland Cavaliers,105,Dallas Mavericks,90,Cleveland Cavaliers
Washington Wizards,128,Denver Nuggets,141,Denver Nuggets
Minnesota Timberwolves,88,Los Angeles Clippers,99,Los Angeles Clippers
Miami Heat,111,Houston Rockets,108,Miami Heat
Milwaukee Bucks,101,Memphis Grizzlies,142,Memphis Grizzlies
New Orleans Pelicans,129,Utah Jazz,132,Utah Jazz
Phoenix Suns,111,Los Angeles Clippers,95,Phoenix Suns
Atlanta Hawks,125,Charlotte Hornets,106,Atlanta Hawks
Sacramento Kings,122,Detroit Pistons,113,Sacramento Kings
Orlando Magic,117,Boston Celtics,109,Orlando Magic
Indiana Pacers,112,Cleveland Cavaliers,118,Cleveland Cavaliers
Golden State Warriors,106,Philadelphia 76ers,118,Philadelphia 76ers
Brooklyn Nets,119,Toronto Raptors,116,Brooklyn Nets
New York Knicks,114,Chicago Bulls,91,New York Knicks
Minnesota Timberwolves,112,Oklahoma City Thunder,110,Minnesota Timberwolves
Portland Trail Blazers,110,Dallas Mavericks,130,Dallas Mavericks
Denver Nuggets,108,Los Angeles Lakers,126,Los Angeles Lakers
Washington Wizards,93,Los Angeles Clippers,102,Los Angeles Clippers
Miami Heat,111,San Antonio Spurs,101,Miami Heat
Dallas Mavericks,99,Cleveland Cavaliers,100,Cleveland Cavaliers
Portland Trail Blazers,107,Houston Rockets,95,Portland Trail Blazers
Utah Jazz,97,Milwaukee Bucks,123,Milwaukee Bucks
Memphis Grizzlies,109,Oklahoma City Thunder,115,Oklahoma City Thunder
New Orleans Pelicans,114,Phoenix Suns,118,Phoenix Suns
Orlando Magic,95,Boston Celtics,92,Orlando Magic
New York Knicks,109,Indiana Pacers,106,New York Knicks
Brooklyn Nets,124,Detroit Pistons,121,Brooklyn Nets
Golden State Warriors,126,Toronto Raptors,110,Golden State Warriors
Chicago Bulls,126,Minnesota Timberwolves,150,Minnesota Timberwolves
Charlotte Hornets,115,Denver Nuggets,119,Denver Nuggets
Washington Wizards,117,Los Angeles Lakers,119,Los Angeles Lakers
Utah Jazz,99,Cleveland Cavaliers,122,Cleveland Cavaliers
Toronto Raptors,101,Philadelphia 76ers,104,Philadelphia 76ers
Orlando Magic,125,Atlanta Hawks,126,Atlanta Hawks
San Antonio Spurs,124,Houston Rockets,105,San Antonio Spurs
Dallas Mavericks,106,Minnesota Timberwolves,116,Minnesota Timberwolves
Milwaukee Bucks,128,New Orleans Pelicans,119,Milwaukee Bucks
Portland Trail Blazers,121,Oklahoma City Thunder,123,Oklahoma City Thunder
Los Angeles Lakers,104,Phoenix Suns,130,Phoenix Suns
Charlotte Hornets,125,Sacramento Kings,119,Charlotte Hornets
Utah Jazz,126,Detroit Pistons,111,Utah Jazz
Chicago Bulls,113,Miami Heat,103,Chicago Bulls
Golden State Warriors,94,New York Knicks,132,New York Knicks
Washington Wizards,113,Phoenix Suns,110,Washington Wizards
Memphis Grizzlies,91,Denver Nuggets,105,Denver Nuggets
Milwaukee Bucks,106,Cleveland Cavaliers,114,Cleveland Cavaliers
Detroit Pistons,93,Philadelphia 76ers,113,Philadelphia 76ers
Chicago Bulls,110,Atlanta Hawks,108,Chicago Bulls
Indiana Pacers,117,Boston Celtics,112,Indiana Pacers
Golden State Warriors,113,Brooklyn Nets,143,Brooklyn Nets
Toronto Raptors,113,New York Knicks,106,Toronto Raptors
Orlando Magic,116,Houston Rockets,110,Orlando Magic
Dallas Mavericks,104,Minnesota Timberwolves,99,Dallas Mavericks
Portland Trail Blazers,98,Oklahoma City Thunder,101,Oklahoma City Thunder
Los Angeles Lakers,120,Sacramento Kings,134,Sacramento Kings
Charlotte Hornets,105,Los Angeles Clippers,126,Los Angeles Clippers
San Antonio Spurs,117,New Orleans Pelicans,126,New Orleans Pelicans
Washington Wizards,112,Utah Jazz,120,Utah Jazz
San Antonio Spurs,113,Orlando Magic,133,Orlando Magic
Los Angeles Clippers,114,Philadelphia 76ers,119,Philadelphia 76ers
Detroit Pistons,105,Atlanta Hawks,130,Atlanta Hawks
Minnesota Timberwolves,109,Boston Celtics,121,Boston Celtics
Milwaukee Bucks,100,Brooklyn Nets,118,Brooklyn Nets
Toronto Raptors,118,Cleveland Cavaliers,107,Toronto Raptors
Chicago Bulls,118,New York Knicks,117,Chicago Bulls
Dallas Mavericks,112,Houston Rockets,106,Dallas Mavericks
Indiana Pacers,111,Miami Heat,108,Indiana Pacers
New Orleans Pelicans,128,Oklahoma City Thunder,125,New Orleans Pelicans
Portland Trail Blazers,107,Denver Nuggets,120,Denver Nuggets
Memphis Grizzlies,125,Phoenix Suns,100,Memphis Grizzlies
Washington Wizards,125,Sacramento Kings,111,Washington Wizards
Charlotte Hornets,134,Los Angeles Lakers,130,Charlotte Hornets
Philadelphia 76ers,119,New York Knicks,112,Philadelphia 76ers
Los Angeles Lakers,115,Dallas Mavericks,124,Dallas Mavericks
Milwaukee Bucks,118,Boston Celtics,139,Boston Celtics
Memphis Grizzlies,109,Golden State Warriors,123,Golden State Warriors
Phoenix Suns,125,Denver Nuggets,128,Denver Nuggets
Brooklyn Nets,125,Cleveland Cavaliers,117,Brooklyn Nets
Los Angeles Clippers,142,Detroit Pistons,131,Los Angeles Clippers
Minnesota Timberwolves,110,Miami Heat,113,Miami Heat
Houston Rockets,133,Chicago Bulls,118,Houston Rockets
Indiana Pacers,93,New Orleans Pelicans,113,New Orleans Pelicans
Utah Jazz,122,San Antonio Spurs,126,San Antonio Spurs
Charlotte Hornets,113,Portland Trail Blazers,124,Portland Trail Blazers
Los Angeles Lakers,129,Orlando Magic,110,Los Angeles Lakers
Philadelphia 76ers,111,Washington Wizards,116,Washington Wizards
Houston Rockets,102,Boston Celtics,126,Boston Celtics
Atlanta Hawks,114,Indiana Pacers,129,Indiana Pacers
Los Angeles Clippers,124,Toronto Raptors,113,Los Angeles Clippers
Phoenix Suns,125,Memphis Grizzlies,108,Phoenix Suns
San Antonio Spurs,114,Oklahoma City Thunder,130,Oklahoma City Thunder
New York Knicks,121,Dallas Mavericks,126,Dallas Mavericks
Charlotte Hornets,105,Golden State Warriors,110,Golden State Warriors
Denver Nuggets,113,Sacramento Kings,106,Denver Nuggets
Orlando Magic,101,Detroit Pistons,121,Detroit Pistons
Phoenix Suns,102,Washington Wizards,127,Washington Wizards
Brooklyn Nets,108,Atlanta Hawks,107,Brooklyn Nets
Los Angeles Lakers,98,Miami Heat,112,Miami Heat
Milwaukee Bucks,113,Chicago Bulls,119,Chicago Bulls
Minnesota Timberwolves,118,New Orleans Pelicans,119,New Orleans Pelicans
Utah Jazz,107,Golden State Warriors,112,Golden State Warriors
Denver Nuggets,126,Sacramento Kings,127,Sacramento Kings
Oklahoma City Thunder,113,Charlotte Hornets,121,Charlotte Hornets
Cleveland Cavaliers,126,Indiana Pacers,135,Indiana Pacers
Los Angeles Clippers,110,Boston Celtics,116,Boston Celtics
Memphis Grizzlies,119,Toronto Raptors,106,Memphis Grizzlies
New York Knicks,115,San Antonio Spurs,122,San Antonio Spurs
Houston Rockets,114,Dallas Mavericks,129,Dallas Mavericks
Washington Wizards,119,Orlando Magic,100,Washington Wizards
Los Angeles Lakers,130,Atlanta Hawks,121,Los Angeles Lakers
Phoenix Suns,104,Toronto Raptors,113,Toronto Raptors
Detroit Pistons,118,Chicago Bulls,132,Chicago Bulls
Minnesota Timberwolves,114,Milwaukee Bucks,123,Milwaukee Bucks
Philadelphia 76ers,116,New Orleans Pelicans,127,New Orleans Pelicans
Miami Heat,119,Denver Nuggets,124,Denver Nuggets
Portland Trail Blazers,112,Golden State Warriors,118,Golden State Warriors
Utah Jazz,125,Sacramento Kings,126,Sacramento Kings
Los Angeles Clippers,130,Indiana Pacers,131,Indiana Pacers
Cleveland Cavaliers,103,Chicago Bulls,102,Cleveland Cavaliers
Brooklyn Nets,123,Charlotte Hornets,106,Brooklyn Nets
New York Knicks,108,Houston Rockets,88,New York Knicks
Dallas Mavericks,126,San Antonio Spurs,125,Dallas Mavericks
New Orleans Pelicans,101,Memphis Grizzlies,116,Memphis Grizzlies
Detroit Pistons,116,Minnesota Timberwolves,104,Detroit Pistons
Philadelphia 76ers,115,Oklahoma City Thunder,96,Philadelphia 76ers
Miami Heat,126,Utah Jazz,123,Miami Heat
Boston Celtics,111,Denver Nuggets,123,Denver Nuggets
Sacramento Kings,108,Memphis Grizzlies,118,Memphis Grizzlies
Washington Wizards,118,Milwaukee Bucks,95,Washington Wizards
Phoenix Suns,83,New York Knicks,102,New York Knicks
Los Angeles Lakers,121,Charlotte Hornets,115,Los Angeles Lakers
Chicago Bulls,134,Cleveland Cavaliers,145,Cleveland Cavaliers
Toronto Raptors,114,Indiana Pacers,122,Indiana Pacers
New Orleans Pelicans,111,Philadelphia 76ers,120,Philadelphia 76ers
San Antonio Spurs,103,Brooklyn Nets,139,Brooklyn Nets
Dallas Mavericks,111,Houston Rockets,106,Dallas Mavericks
Denver Nuggets,111,Minnesota Timberwolves,124,Minnesota Timberwolves
Atlanta Hawks,141,Golden State Warriors,143,Golden State Warriors
Detroit Pistons,106,Portland Trail Blazers,135,Portland Trail Blazers
Miami Heat,110,Los Angeles Clippers,100,Miami Heat
Washington Wizards,113,Milwaukee Bucks,123,Milwaukee Bucks
Boston Celtics,117,Oklahoma City Thunder,150,Oklahoma City Thunder
Sacramento Kings,117,Utah Jazz,115,Sacramento Kings
Memphis Grizzlies,131,Charlotte Hornets,107,Memphis Grizzlies
Phoenix Suns,88,Cleveland Cavaliers,90,Cleveland Cavaliers
Oklahoma City Thunder,115,Orlando Magic,126,Orlando Magic
Indiana Pacers,126,Philadelphia 76ers,129,Philadelphia 76ers
San Antonio Spurs,114,New York Knicks,117,New York Knicks
Milwaukee Bucks,104,Toronto Raptors,101,Milwaukee Bucks
Brooklyn Nets,112,Chicago Bulls,121,Chicago Bulls
Portland Trail Blazers,106,Minnesota Timberwolves,113,Minnesota Timberwolves
Houston Rockets,108,New Orleans Pelicans,119,New Orleans Pelicans
Detroit Pistons,122,Golden State Warriors,119,Detroit Pistons
Miami Heat,109,Los Angeles Lakers,112,Los Angeles Lakers
Atlanta Hawks,120,Sacramento Kings,117,Atlanta Hawks
Memphis Grizzlies,123,Orlando Magic,115,Memphis Grizzlies
Boston Celtics,124,Dallas Mavericks,95,Boston Celtics
Utah Jazz,131,Houston Rockets,114,Utah Jazz
Los Angeles Clippers,91,Denver Nuggets,122,Denver Nuggets
Portland Trail Blazers,99,Indiana Pacers,108,Indiana Pacers
Chicago Bulls,126,Philadelphia 76ers,112,Chicago Bulls
Brooklyn Nets,108,New Orleans Pelicans,102,Brooklyn Nets
New York Knicks,112,Toronto Raptors,108,New York Knicks
Charlotte Hornets,138,Milwaukee Bucks,109,Charlotte Hornets
Washington Wizards,110,Oklahoma City Thunder,127,Oklahoma City Thunder
Detroit Pistons,109,San Antonio Spurs,121,San Antonio Spurs
Cleveland Cavaliers,108,Denver Nuggets,121,Denver Nuggets
Los Angeles Clippers,115,Minnesota Timberwolves,128,Minnesota Timberwolves
Miami Heat,104,Phoenix Suns,96,Miami Heat
Atlanta Hawks,114,Los Angeles Lakers,130,Los Angeles Lakers
Boston Celtics,121,San Antonio Spurs,116,Boston Celtics
Utah Jazz,118,Chicago Bulls,126,Chicago Bulls
New Orleans Pelicans,117,Dallas Mavericks,127,Dallas Mavericks
Orlando Magic,115,Golden State Warriors,101,Orlando Magic
Los Angeles Lakers,136,Sacramento Kings,134,Los Angeles Lakers
Philadelphia 76ers,123,Detroit Pistons,111,Philadelphia 76ers
Portland Trail Blazers,105,Toronto Raptors,117,Toronto Raptors
Charlotte Hornets,111,Indiana Pacers,116,Indiana Pacers
Utah Jazz,118,Memphis Grizzlies,123,Memphis Grizzlies
Brooklyn Nets,102,Miami Heat,101,Brooklyn Nets
Minnesota Timberwolves,104,Houston Rockets,96,Minnesota Timberwolves
Dallas Mavericks,109,Oklahoma City Thunder,120,Oklahoma City Thunder
Cleveland Cavaliers,112,Phoenix Suns,98,Cleveland Cavaliers
Atlanta Hawks,112,Los Angeles Clippers,108,Atlanta Hawks
New Orleans Pelicans,132,Washington Wizards,112,New Orleans Pelicans
Chicago Bulls,99,Boston Celtics,107,Boston Celtics
Milwaukee Bucks,111,New York Knicks,107,Milwaukee Bucks
San Antonio Spurs,113,Memphis Grizzlies,121,Memphis Grizzlies
Los Angeles Lakers,109,Denver Nuggets,122,Denver Nuggets
Orlando Magic,111,Sacramento Kings,136,Sacramento Kings
Detroit Pistons,116,Philadelphia 76ers,147,Philadelphia 76ers
Oklahoma City Thunder,111,Miami Heat,112,Miami Heat
Charlotte Hornets,120,Toronto Raptors,132,Toronto Raptors
Cleveland Cavaliers,114,Utah Jazz,116,Utah Jazz
Phoenix Suns,125,Golden State Warriors,113,Phoenix Suns
Orlando Magic,109,Portland Trail Blazers,106,Orlando Magic
Dallas Mavericks,101,Los Angeles Clippers,113,Los Angeles Clippers
Minnesota Timberwolves,118,Detroit Pistons,135,Detroit Pistons
Chicago Bulls,97,Washington Wizards,100,Washington Wizards
Milwaukee Bucks,114,Atlanta Hawks,105,Milwaukee Bucks
New Orleans Pelicans,114,Boston Celtics,125,Boston Celtics
Indiana Pacers,113,New York Knicks,119,New York Knicks
San Antonio Spurs,129,Memphis Grizzlies,135,Memphis Grizzlies
Phoenix Suns,97,Denver Nuggets,126,Denver Nuggets
Houston Rockets,115,Sacramento Kings,135,Sacramento Kings
Oklahoma City Thunder,133,Philadelphia 76ers,114,Oklahoma City Thunder
Boston Celtics,109,Brooklyn Nets,98,Boston Celtics
Milwaukee Bucks,102,Miami Heat,108,Miami Heat
Charlotte Hornets,114,Toronto Raptors,124,Toronto Raptors
Dallas Mavericks,119,Los Angeles Lakers,115,Dallas Mavericks
Cleveland Cavaliers,119,Portland Trail Blazers,113,Cleveland Cavaliers
New Orleans Pelicans,116,Detroit Pistons,110,New Orleans Pelicans
Atlanta Hawks,113,Indiana Pacers,111,Atlanta Hawks
New York Knicks,112,Washington Wizards,108,New York Knicks
Golden State Warriors,144,San Antonio Spurs,113,Golden State Warriors
Oklahoma City Thunder,124,Chicago Bulls,110,Oklahoma City Thunder
Phoenix Suns,116,Minnesota Timberwolves,121,Minnesota Timberwolves
Orlando Magic,108,Utah Jazz,112,Utah Jazz
Denver Nuggets,115,Los Angeles Clippers,103,Denver Nuggets
Houston Rockets,114,Sacramento Kings,139,Sacramento Kings
Milwaukee Bucks,95,Miami Heat,111,Miami Heat
Boston Celtics,122,Charlotte Hornets,106,Boston Celtics
Memphis Grizzlies,130,Indiana Pacers,112,Memphis Grizzlies
Atlanta Hawks,114,Toronto Raptors,103,Atlanta Hawks
Cleveland Cavaliers,102,Minnesota Timberwolves,110,Minnesota Timberwolves
Philadelphia 76ers,118,Utah Jazz,117,Philadelphia 76ers
Dallas Mavericks,119,Portland Trail Blazers,136,Portland Trail Blazers
New York Knicks,117,Detroit Pistons,104,New York Knicks
Houston Rockets,100,Los Angeles Clippers,121,Los Angeles Clippers
Golden State Warriors,118,Chicago Bulls,132,Chicago Bulls
Oklahoma City Thunder,112,Brooklyn Nets,102,Oklahoma City Thunder
Sacramento Kings,132,San Antonio Spurs,119,Sacramento Kings
Orlando Magic,116,Denver Nuggets,119,Denver Nuggets
Dallas Mavericks,123,Portland Trail Blazers,140,Portland Trail Blazers
Philadelphia 76ers,113,Los Angeles Lakers,112,Philadelphia 76ers
Boston Celtics,130,Charlotte Hornets,118,Boston Celtics
Indiana Pacers,119,Milwaukee Bucks,132,Milwaukee Bucks
New Orleans Pelicans,103,Cleveland Cavaliers,113,Cleveland Cavaliers
Toronto Raptors,123,New York Knicks,121,Toronto Raptors
Golden State Warriors,127,Washington Wizards,118,Golden State Warriors
Miami Heat,113,Atlanta Hawks,121,Atlanta Hawks
Utah Jazz,126,Minnesota Timberwolves,125,Utah Jazz
Phoenix Suns,106,Memphis Grizzlies,136,Memphis Grizzlies
Houston Rockets,132,Los Angeles Lakers,140,Los Angeles Lakers
Toronto Raptors,122,Milwaukee Bucks,130,Milwaukee Bucks
Brooklyn Nets,98,San Antonio Spurs,106,San Antonio Spurs
Portland Trail Blazers,113,Denver Nuggets,122,Denver Nuggets
Philadelphia 76ers,120,Los Angeles Clippers,110,Philadelphia 76ers
Atlanta Hawks,130,Dallas Mavericks,122,Atlanta Hawks
Washington Wizards,116,New York Knicks,105,Washington Wizards
Charlotte Hornets,122,Houston Rockets,117,Charlotte Hornets
Cleveland Cavaliers,114,Memphis Grizzlies,115,Memphis Grizzlies
Miami Heat,124,New Orleans Pelicans,98,Miami Heat
Indiana Pacers,106,Oklahoma City Thunder,126,Oklahoma City Thunder
Los Angeles Clippers,103,Utah Jazz,126,Utah Jazz
Minnesota Timberwolves,118,Denver Nuggets,122,Denver Nuggets
Sacramento Kings,116,Los Angeles Lakers,111,Sacramento Kings
Chicago Bulls,126,Detroit Pistons,108,Chicago Bulls
Golden State Warriors,118,Boston Celtics,121,Boston Celtics
Toronto Raptors,126,Minnesota Timberwolves,128,Minnesota Timberwolves
Brooklyn Nets,112,Phoenix Suns,117,Phoenix Suns
Philadelphia 76ers,105,Portland Trail Blazers,95,Philadelphia 76ers
New Orleans Pelicans,,Orlando Magic,,
New York Knicks,,Atlanta Hawks,,
Golden State Warriors,,Cleveland Cavaliers,,
Miami Heat,,Dallas Mavericks,,
Los Angeles Clippers,,San Antonio Spurs,,
Indiana Pacers,,Denver Nuggets,,
Brooklyn Nets,,Utah Jazz,,
Memphis Grizzlies,,Los Angeles Lakers,,
Oklahoma City Thunder,,Sacramento Kings,,
Boston Celtics,,Toronto Raptors,,
Orlando Magic,,Washington Wizards,,
Charlotte Hornets,,Atlanta Hawks,,
Milwaukee Bucks,,Cleveland Cavaliers,,
Houston Rockets,,Minnesota Timberwolves,,
Indiana Pacers,,Phoenix Suns,,
Philadelphia 76ers,,Sacramento Kings,,
Los Angeles Clippers,,Dallas Mavericks,,
New Orleans Pelicans,,Miami Heat,,
New York Knicks,,Toronto Raptors,,
Oklahoma City Thunder,,Denver Nuggets,,
Memphis Grizzlies,,Phoenix Suns,,
Brooklyn Nets,,Golden State Warriors,,
Los Angeles Lakers,,Portland Trail Blazers,,
Milwaukee Bucks,,Detroit Pistons,,
Boston Celtics,,Orlando Magic,,
Atlanta Hawks,,Chicago Bulls,,
Minnesota Timberwolves,,Houston Rockets,,
Charlotte Hornets,,Utah Jazz,,
San Antonio Spurs,,Portland Trail Blazers,,
Memphis Grizzlies,,Sacramento Kings,,
Chicago Bulls,,Indiana Pacers,,
Boston Celtics,,Miami Heat,,
Cleveland Cavaliers,,New York Knicks,,
Denver Nuggets,,New Orleans Pelicans,,
Washington Wizards,,Dallas Mavericks,,
Charlotte Hornets,,Phoenix Suns,,
Los Angeles Clippers,,Los Angeles Lakers,,
Indiana Pacers,,Orlando Magic,,
Brooklyn Nets,,Philadelphia 76ers,,
Washington Wizards,,Houston Rockets,,
Denver Nuggets,,Milwaukee Bucks,,
Minnesota Timberwolves,,New Orleans Pelicans,,
Atlanta Hawks,,Oklahoma City Thunder,,
Memphis Grizzlies,,Golden State Warriors,,
Utah Jazz,,Portland Trail Blazers,,
Toronto Raptors,,Sacramento Kings,,
San Antonio Spurs,,Los Angeles Lakers,,
New York Knicks,,Boston Celtics,,
Detroit Pistons,,Brooklyn Nets,,
Chicago Bulls,,Charlotte Hornets,,
Cleveland Cavaliers,,Houston Rockets,,
Dallas Mavericks,,Phoenix Suns,,
San Antonio Spurs,,Los Angeles Clippers,,
Milwaukee Bucks,,Indiana Pacers,,
Memphis Grizzlies,,Minnesota Timberwolves,,
Orlando Magic,,Miami Heat,,
Cleveland Cavaliers,,Oklahoma City Thunder,,
Toronto Raptors,,Golden State Warriors,,
Denver Nuggets,,Philadelphia 76ers,,
New York Knicks,,Brooklyn Nets,,
Houston Rockets,,Detroit Pistons,,
Chicago Bulls,,Orlando Magic,,
Los Angeles Clippers,,Atlanta Hawks,,
Sacramento Kings,,Minnesota Timberwolves,,
Washington Wizards,,New Orleans Pelicans,,
Phoenix Suns,,San Antonio Spurs,,
Los Angeles Lakers,,Boston Celtics,,
Dallas Mavericks,,Utah Jazz,,
Toronto Raptors,,Portland Trail Blazers,,
Miami Heat,,Charlotte Hornets,,
Indiana Pacers,,Memphis Grizzlies,,
Los Angeles Clippers,,Cleveland Cavaliers,,
New Orleans Pelicans,,Milwaukee Bucks,,
Orlando Magic,,Philadelphia 76ers,,
Los Angeles Lakers,,Brooklyn Nets,,
Sacramento Kings,,Minnesota Timberwolves,,
Golden State Warriors,,Oklahoma City Thunder,,
Washington Wizards,,San Antonio Spurs,,
Detroit Pistons,,Dallas Mavericks,,
Toronto Raptors,,Phoenix Suns,,
Atlanta Hawks,,Portland Trail Blazers,,
Miami Heat,,Cleveland Cavaliers,,
Los Angeles Lakers,,New York Knicks,,
Los Angeles Clippers,,Chicago Bulls,,
Charlotte Hornets,,Milwaukee Bucks,,
New Orleans Pelicans,,Denver Nuggets,,
Washington Wizards,,Detroit Pistons,,
Portland Trail Blazers,,Memphis Grizzlies,,
Orlando Magic,,Philadelphia 76ers,,
Brooklyn Nets,,Boston Celtics,,
Oklahoma City Thunder,,Houston Rockets,,
Golden State Warriors,,Minnesota Timberwolves,,
Sacramento Kings,,San Antonio Spurs,,
Toronto Raptors,,Utah Jazz,,
Atlanta Hawks,,Phoenix Suns,,
Los Angeles Lakers,,Indiana Pacers,,
Memphis Grizzlies,,Cleveland Cavaliers,,
Miami Heat,,New York Knicks,,
Charlotte Hornets,,Chicago Bulls,,
New Orleans Pelicans,,Dallas Mavericks,,
Golden State Warriors,,Denver Nuggets,,
Los Angeles Clippers,,Milwaukee Bucks,,
Charlotte Hornets,,Detroit Pistons,,
Sacramento Kings,,Indiana Pacers,,
Portland Trail Blazers,,Washington Wizards,,
Phoenix Suns,,Boston Celtics,,
Toronto Raptors,,Houston Rockets,,
Orlando Magic,,Minnesota Timberwolves,,
Philadelphia 76ers,,San Antonio Spurs,,
Atlanta Hawks,,Utah Jazz,,
Washington Wizards,,Brooklyn Nets,,
Phoenix Suns,,Detroit Pistons,,
Los Angeles Clippers,,New York Knicks,,
Portland Trail Blazers,,Chicago Bulls,,
Miami Heat,,Milwaukee Bucks,,
Los Angeles Lakers,,New Orleans Pelicans,,
Houston Rockets,,Oklahoma City Thunder,,
Dallas Mavericks,,Golden State Warriors,,
Atlanta Hawks,,Denver Nuggets,,
Orlando Magic,,Charlotte Hornets,,
Cleveland Cavaliers,,Indiana Pacers,,
Toronto Raptors,,Memphis Grizzlies,,
Philadelphia 76ers,,New York Knicks,,
Denver Nuggets,,Minnesota Timberwolves,,
Sacramento Kings,,New Orleans Pelicans,,
Boston Celtics,,Detroit Pistons,,
Cleveland Cavaliers,,Washington Wizards,,
Los Angeles Clippers,,Brooklyn Nets,,
San Antonio Spurs,,Chicago Bulls,,
Sacramento Kings,,Houston Rockets,,
Dallas Mavericks,,Utah Jazz,,
Oklahoma City Thunder,,Golden State Warriors,,
Milwaukee Bucks,,Portland Trail Blazers,,
New York Knicks,,Orlando Magic,,
Phoenix Suns,,Brooklyn Nets,,
Atlanta Hawks,,New Orleans Pelicans,,
Chicago Bulls,,Memphis Grizzlies,,
Minnesota Timberwolves,,Denver Nuggets,,
Oklahoma City Thunder,,Los Angeles Lakers,,
Detroit Pistons,,Cleveland Cavaliers,,
Charlotte Hornets,,Washington Wizards,,
Philadelphia 76ers,,Boston Celtics,,
Indiana Pacers,,Miami Heat,,
San Antonio Spurs,,Toronto Raptors,,
Sacramento Kings,,Houston Rockets,,
Minnesota Timberwolves,,Utah Jazz,,
Dallas Mavericks,,Los Angeles Clippers,,
Golden State Warriors,,Portland Trail Blazers,,
Denver Nuggets,,Orlando Magic,,
Phoenix Suns,,Atlanta Hawks,,
Chicago Bulls,,Brooklyn Nets,,
Milwaukee Bucks,,Los Angeles Lakers,,
San Antonio Spurs,,Detroit Pistons,,
Phoenix Suns,,Indiana Pacers,,
New York Knicks,,Philadelphia 76ers,,
Charlotte Hornets,,Boston Celtics,,
Utah Jazz,,Toronto Raptors,,
Minnesota Timberwolves,,Memphis Grizzlies,,
Houston Rockets,,Miami Heat,,
Cleveland Cavaliers,,New Orleans Pelicans,,
Oklahoma City Thunder,,Portland Trail Blazers,,
Dallas Mavericks,,Sacramento Kings,,
Milwaukee Bucks,,Los Angeles Clippers,,
Philadelphia 76ers,,Brooklyn Nets,,
Denver Nuggets,,Charlotte Hornets,,
Miami Heat,,Orlando Magic,,
Indiana Pacers,,Washington Wizards,,
San Antonio Spurs,,Atlanta Hawks,,
Utah Jazz,,New York Knicks,,
Chicago Bulls,,Cleveland Cavaliers,,
Los Angeles Lakers,,Golden State Warriors,,
Dallas Mavericks,,Sacramento Kings,,
Memphis Grizzlies,,Boston Celtics,,
Detroit Pistons,,Toronto Raptors,,
Atlanta Hawks,,Charlotte Hornets,,
San Antonio Spurs,,Cleveland Cavaliers,,
Utah Jazz,,Indiana Pacers,,
Houston Rockets,,Philadelphia 76ers,,
Denver Nuggets,,Miami Heat,,
Brooklyn Nets,,New York Knicks,,
Orlando Magic,,Chicago Bulls,,
New Orleans Pelicans,,Oklahoma City Thunder,,
Minnesota Timberwolves,,Dallas Mavericks,,
Washington Wizards,,Golden State Warriors,,
Los Angeles Lakers,,Portland Trail Blazers,,
Boston Celtics,,Milwaukee Bucks,,
Orlando Magic,,Toronto Raptors,,
Sacramento Kings,,Phoenix Suns,,
Golden State Warriors,,Los Angeles Clippers,,
Washington Wizards,,Portland Trail Blazers,,
San Antonio Spurs,,Charlotte Hornets,,
Chicago Bulls,,Indiana Pacers,,
Cleveland Cavaliers,,Philadelphia 76ers,,
New York Knicks,,Atlanta Hawks,,
Detroit Pistons,,Boston Celtics,,
Miami Heat,,Brooklyn Nets,,
Utah Jazz,,Memphis Grizzlies,,
Houston Rockets,,Oklahoma City Thunder,,
Dallas Mavericks,,Denver Nuggets,,
New Orleans Pelicans,,Los Angeles Lakers,,
Milwaukee Bucks,,Chicago Bulls,,
Washington Wizards,,Minnesota Timberwolves,,
Los Angeles Clippers,,Phoenix Suns,,
Denver Nuggets,,Cleveland Cavaliers,,
Boston Celtics,,Indiana Pacers,,
Detroit Pistons,,Orlando Magic,,
Memphis Grizzlies,,Philadelphia 76ers,,
New Orleans Pelicans,,Toronto Raptors,,
San Antonio Spurs,,Dallas Mavericks,,
Oklahoma City Thunder,,Utah Jazz,,
Golden State Warriors,,Los Angeles Lakers,,
Portland Trail Blazers,,Sacramento Kings,,
New York Knicks,,Washington Wizards,,
Cleveland Cavaliers,,Atlanta Hawks,,
Miami Heat,,Milwaukee Bucks,,
Charlotte Hornets,,Minnesota Timberwolves,,
Oklahoma City Thunder,,Phoenix Suns,,
Brooklyn Nets,,Chicago Bulls,,
Houston Rockets,,Golden State Warriors,,
Sacramento Kings,,Los Angeles Clippers,,
Toronto Raptors,,Detroit Pistons,,
Miami Heat,,Charlotte Hornets,,
Indiana Pacers,,Orlando Magic,,
New Orleans Pelicans,,New York Knicks,,
Denver Nuggets,,Memphis Grizzlies,,
Boston Celtics,,Philadelphia 76ers,,
San Antonio Spurs,,Utah Jazz,,
Phoenix Suns,,Milwaukee Bucks,,
Brooklyn Nets,,Atlanta Hawks,,
Washington Wizards,,Chicago Bulls,,
Los Angeles Lakers,,Dallas Mavericks,,
Toronto Raptors,,Cleveland Cavaliers,,
Sacramento Kings,,Oklahoma City Thunder,,
Minnesota Timberwolves,,Golden State Warriors,,
Houston Rockets,,Portland Trail Blazers,,
Los Angeles Clippers,,Denver Nuggets,,
Detroit Pistons,,Charlotte Hornets,,
Miami Heat,,Philadelphia 76ers,,
Boston Celtics,,New York Knicks,,
Orlando Magic,,New Orleans Pelicans,,
Washington Wizards,,Atlanta Hawks,,
Milwaukee Bucks,,Brooklyn Nets,,
Chicago Bulls,,Toronto Raptors,,
Denver Nuggets,,Houston Rockets,,
Los Angeles Lakers,,Memphis Grizzlies,,
Sacramento Kings,,Oklahoma City Thunder,,
Indiana Pacers,,Dallas Mavericks,,
San Antonio Spurs,,Utah Jazz,,
Portland Trail Blazers,,Golden State Warriors,,
Minnesota Timberwolves,,Los Angeles Clippers,,
Phoenix Suns,,Charlotte Hornets,,
Chicago Bulls,,Detroit Pistons,,
Cleveland Cavaliers,,Boston Celtics,,
Philadelphia 76ers,,Miami Heat,,
Brooklyn Nets,,New York Knicks,,
Memphis Grizzlies,,Houston Rockets,,
Orlando Magic,,Milwaukee Bucks,,
Los Angeles Lakers,,Oklahoma City Thunder,,
New Orleans Pelicans,,Portland Trail Blazers,,
Toronto Raptors,,Washington Wizards,,
Philadelphia 76ers,,Dallas Mavericks,,
Indiana Pacers,,San Antonio Spurs,,
Los Angeles Clippers,,Golden State Warriors,,
Orlando Magic,,Charlotte Hornets,,
Portland Trail Blazers,,Atlanta Hawks,,
Brooklyn Nets,,Boston Celtics,,
Phoenix Suns,,Chicago Bulls,,
New York Knicks,,Miami Heat,,
Utah Jazz,,Oklahoma City Thunder,,
Memphis Grizzlies,,Denver Nuggets,,
New Orleans Pelicans,,Golden State Warriors,,
Los Angeles Clippers,,Sacramento Kings,,
Minnesota Timberwolves,,Los Angeles Lakers,,
Toronto Raptors,,Washington Wizards,,
Detroit Pistons,,Cleveland Cavaliers,,
Atlanta Hawks,,Miami Heat,,
Houston Rockets,,San Antonio Spurs,,
Philadelphia 76ers,,Milwaukee Bucks,,
Minnesota Timberwolves,,Sacramento Kings,,
Phoenix Suns,,Dallas Mavericks,,
Indiana Pacers,,Chicago Bulls,,
Golden State Warriors,,Los Angeles Lakers,,
Charlotte Hornets,,Brooklyn Nets,,
Portland Trail Blazers,,Orlando Magic,,
San Antonio Spurs,,Houston Rockets,,
Utah Jazz,,Oklahoma City Thunder,,
New York Knicks,,Boston Celtics,,
Memphis Grizzlies,,Los Angeles Clippers,,
Boston Celtics,,Cleveland Cavaliers,,
Philadelphia 76ers,,Indiana Pacers,,
Milwaukee Bucks,,Washington Wizards,,
Atlanta Hawks,,Miami Heat,,
Toronto Raptors,,Denver Nuggets,,
New Orleans Pelicans,,Sacramento Kings,,
Portland Trail Blazers,,Detroit Pistons,,
Milwaukee Bucks,,Orlando Magic,,
Philadelphia 76ers,,Minnesota Timberwolves,,
Charlotte Hornets,,New York Knicks,,
Brooklyn Nets,,Houston Rockets,,
Golden State Warriors,,Oklahoma City Thunder,,
Utah Jazz,,Dallas Mavericks,,
Memphis Grizzlies,,Los Angeles Lakers,,
Atlanta Hawks,,Washington Wizards,,
Portland Trail Blazers,,Boston Celtics,,
Cleveland Cavaliers,,Miami Heat,,
Dallas Mavericks,,New Orleans Pelicans,,
Chicago Bulls,,Denver Nuggets,,
Oklahoma City Thunder,,Phoenix Suns,,
Toronto Raptors,,Los Angeles Clippers,,
Charlotte Hornets,,Detroit Pistons,,
Houston Rockets,,Indiana Pacers,,
Utah Jazz,,Orlando Magic,,
Brooklyn Nets,,Milwaukee Bucks,,
Golden State Warriors,,Memphis Grizzlies,,
New York Knicks,,Sacramento Kings,,
Portland Trail Blazers,,Philadelphia 76ers,,
Atlanta Hawks,,Washington Wizards,,
Cleveland Cavaliers,,Miami Heat,,
Brooklyn Nets,,Minnesota Timberwolves,,
Denver Nuggets,,San Antonio Spurs,,
Toronto Raptors,,Los Angeles Lakers,,
New York Knicks,,Los Angeles Clippers,,
Utah Jazz,,Charlotte Hornets,,
Indiana Pacers,,Detroit Pistons,,
Miami Heat,,Orlando Magic,,
Boston Celtics,,Atlanta Hawks,,
Chicago Bulls,,Houston Rockets,,
Dallas Mavericks,,Memphis Grizzlies,,
Milwaukee Bucks,,Golden State Warriors,,
Oklahoma City Thunder,,New Orleans Pelicans,,
Sacramento Kings,,Phoenix Suns,,
Brooklyn Nets,,Denver Nuggets,,
Cleveland Cavaliers,,Charlotte Hornets,,
Washington Wizards,,Philadelphia 76ers,,
Portland Trail Blazers,,New Orleans Pelicans,,
Oklahoma City Thunder,,San Antonio Spurs,,
New York Knicks,,Los Angeles Lakers,,
Indiana Pacers,,Detroit Pistons,,
Minnesota Timberwolves,,Atlanta Hawks,,
Memphis Grizzlies,,Dallas Mavericks,,
Utah Jazz,,Miami Heat,,
Boston Celtics,,Houston Rockets,,
Phoenix Suns,,Golden State Warriors,,
Milwaukee Bucks,,Sacramento Kings,,
Cleveland Cavaliers,,Charlotte Hornets,,
Detroit Pistons,,Washington Wizards,,
Denver Nuggets,,Toronto Raptors,,
Los Angeles Lakers,,New Orleans Pelicans,,
Brooklyn Nets,,Oklahoma City Thunder,,
Orlando Magic,,San Antonio Spurs,,
Milwaukee Bucks,,Phoenix Suns,,
New York Knicks,,Portland Trail Blazers,,
Philadelphia 76ers,,Cleveland Cavaliers,,
Memphis Grizzlies,,Miami Heat,,
Sacramento Kings,,Chicago Bulls,,
Los Angeles Lakers,,Houston Rockets,,
Boston Celtics,,Minnesota Timberwolves,,
Dallas Mavericks,,San Antonio Spurs,,
Golden State Warriors,,Los Angeles Clippers,,
Denver Nuggets,,Detroit Pistons,,
Sacramento Kings,,Brooklyn Nets,,
Oklahoma City Thunder,,Toronto Raptors,,
Indiana Pacers,,Milwaukee Bucks,,
Orlando Magic,,Phoenix Suns,,
Philadelphia 76ers,,Charlotte Hornets,,
Golden State Warriors,,Atlanta Hawks,,
Washington Wizards,,Cleveland Cavaliers,,
Minnesota Timberwolves,,Chicago Bulls,,
New Orleans Pelicans,,Houston Rockets,,
Memphis Grizzlies,,San Antonio Spurs,,
Boston Celtics,,Portland Trail Blazers,,
Dallas Mavericks,,Los Angeles Lakers,,
Denver Nuggets,,New York Knicks,,
Orlando Magic,,Los Angeles Clippers,,
Philadelphia 76ers,,Indiana Pacers,,
Minnesota Timberwolves,,Toronto Raptors,,
Miami Heat,,Chicago Bulls,,
Golden State Warriors,,Memphis Grizzlies,,
Sacramento Kings,,Washington Wizards,,
Boston Celtics,,Utah Jazz,,
Denver Nuggets,,Brooklyn Nets,,
Phoenix Suns,,Oklahoma City Thunder,,
Atlanta Hawks,,San Antonio Spurs,,
Miami Heat,,Detroit Pistons,,
New Orleans Pelicans,,Houston Rockets,,
Toronto Raptors,,Milwaukee Bucks,,
Los Angeles Clippers,,Portland Trail Blazers,,
Orlando Magic,,Los Angeles Lakers,,
Indiana Pacers,,Charlotte Hornets,,
Chicago Bulls,,Philadelphia 76ers,,
Minnesota Timberwolves,,New York Knicks,,
Golden State Warriors,,Houston Rockets,,
Dallas Mavericks,,Memphis Grizzlies,,
Sacramento Kings,,Utah Jazz,,
Washington Wizards,,Orlando Magic,,
Detroit Pistons,,Atlanta Hawks,,
Cleveland Cavaliers,,Brooklyn Nets,,
San Antonio Spurs,,New Orleans Pelicans,,
Boston Celtics,,Sacramento Kings,,
Oklahoma City Thunder,,Los Angeles Clippers,,
Denver Nuggets,,Washington Wizards,,
Golden State Warriors,,Dallas Mavericks,,
New York Knicks,,Miami Heat,,
Indiana Pacers,,Toronto Raptors,,
Philadelphia 76ers,,Chicago Bulls,,
Houston Rockets,,Memphis Grizzlies,,
San Antonio Spurs,,Milwaukee Bucks,,
Atlanta Hawks,,Minnesota Timberwolves,,
Portland Trail Blazers,,Utah Jazz,,
Phoenix Suns,,Los Angeles Lakers,,
New York Knicks,,Orlando Magic,,
Cleveland Cavaliers,,Brooklyn Nets,,
Charlotte Hornets,,New Orleans Pelicans,,
Oklahoma City Thunder,,Los Angeles Clippers,,
Indiana Pacers,,Boston Celtics,,
San Antonio Spurs,,Washington Wizards,,
Detroit Pistons,,Toronto Raptors,,
Houston Rockets,,Memphis Grizzlies,,
Charlotte Hornets,,Dallas Mavericks,,
Milwaukee Bucks,,Utah Jazz,,
Philadelphia 76ers,,Golden State Warriors,,
Chicago Bulls,,Portland Trail Blazers,,
Phoenix Suns,,Sacramento Kings,,
Oklahoma City Thunder,,Los Angeles Lakers,,
Indiana Pacers,,Atlanta Hawks,,
Brooklyn Nets,,Miami Heat,,
Milwaukee Bucks,,Denver Nuggets,,
Philadelphia 76ers,,Phoenix Suns,,
Utah Jazz,,Sacramento Kings,,
New Orleans Pelicans,,Los Angeles Clippers,,
Dallas Mavericks,,Charlotte Hornets,,
Chicago Bulls,,Los Angeles Lakers,,
Memphis Grizzlies,,Atlanta Hawks,,
San Antonio Spurs,,Boston Celtics,,
Houston Rockets,,Cleveland Cavaliers,,
Brooklyn Nets,,Orlando Magic,,
Washington Wizards,,Toronto Raptors,,
Oklahoma City Thunder,,Portland Trail Blazers,,
Minnesota Timberwolves,,Golden State Warriors,,
Milwaukee Bucks,,Detroit Pistons,,
Dallas Mavericks,,Indiana Pacers,,
Houston Rockets,,New York Knicks,,
Phoenix Suns,,Utah Jazz,,
Philadelphia 76ers,,Denver Nuggets,,
New Orleans Pelicans,,Portland Trail Blazers,,
Minnesota Timberwolves,,Sacramento Kings,,
Chicago Bulls,,Los Angeles Clippers,,
Boston Celtics,,Washington Wizards,,
Cleveland Cavaliers,,Atlanta Hawks,,
Miami Heat,,Toronto Raptors,,
Orlando Magic,,Memphis Grizzlies,,
Charlotte Hornets,,Oklahoma City Thunder,,
New Orleans Pelicans,,Golden State Warriors,,
Milwaukee Bucks,,Indiana Pacers,,
Houston Rockets,,Brooklyn Nets,,
Miami Heat,,New York Knicks,,
Dallas Mavericks,,Philadelphia 76ers,,
Los Angeles Lakers,,Chicago Bulls,,
Los Angeles Clippers,,Memphis Grizzlies,,
Detroit Pistons,,Oklahoma City Thunder,,
Utah Jazz,,San Antonio Spurs,,
Minnesota Timberwolves,,Phoenix Suns,,
Sacramento Kings,,Portland Trail Blazers,,
Boston Celtics,,Milwaukee Bucks,,
New Orleans Pelicans,,Denver Nuggets,,
Chicago Bulls,,Charlotte Hornets,,
Oklahoma City Thunder,,Indiana Pacers,,
Toronto Raptors,,Philadelphia 76ers,,
Orlando Magic,,Washington Wizards,,
Utah Jazz,,Boston Celtics,,
Atlanta Hawks,,Brooklyn Nets,,
New York Knicks,,Cleveland Cavaliers,,
Detroit Pistons,,Houston Rockets,,
Los Angeles Clippers,,Memphis Grizzlies,,
Los Angeles Lakers,,Minnesota Timberwolves,,
San Antonio Spurs,,Golden State Warriors,,
Sacramento Kings,,Portland Trail Blazers,,
Denver Nuggets,,Phoenix Suns,,
Dallas Mavericks,,Miami Heat,,
Los Angeles Clippers,,New Orleans Pelicans,,
Toronto Raptors,,Charlotte Hornets,,
Utah Jazz,,Brooklyn Nets,,
Memphis Grizzlies,,Chicago Bulls,,
Portland Trail Blazers,,Minnesota Timberwolves,,
Dallas Mavericks,,Atlanta Hawks,,
San Antonio Spurs,,Sacramento Kings,,
Detroit Pistons,,Orlando Magic,,
Washington Wizards,,New York Knicks,,
Los Angeles Lakers,,Houston Rockets,,
Phoenix Suns,,Oklahoma City Thunder,,
Philadelphia 76ers,,Milwaukee Bucks,,
Indiana Pacers,,Cleveland Cavaliers,,
Golden State Warriors,,Denver Nuggets,,
Toronto Raptors,,Charlotte Hornets,,
Milwaukee Bucks,,Washington Wizards,,
Cleveland Cavaliers,,Orlando Magic,,
Miami Heat,,Detroit Pistons,,
Minnesota Timberwolves,,Brooklyn Nets,,
Denver Nuggets,,Houston Rockets,,
Portland Trail Blazers,,Memphis Grizzlies,,
Sacramento Kings,,New Orleans Pelicans,,
Boston Celtics,,Philadelphia 76ers,,
Atlanta Hawks,,Chicago Bulls,,
Los Angeles Lakers,,Utah Jazz,,
Oklahoma City Thunder,,Golden State Warriors,,
San Antonio Spurs,,Phoenix Suns,,
Brooklyn Nets,,Detroit Pistons,,
New York Knicks,,Indiana Pacers,,
Washington Wizards,,Atlanta Hawks,,
Toronto Raptors,,Boston Celtics,,
Chicago Bulls,,Milwaukee Bucks,,
Memphis Grizzlies,,New Orleans Pelicans,,
Sacramento Kings,,Dallas Mavericks,,
Los Angeles Lakers,,Los Angeles Clippers,,
Cleveland Cavaliers,,Orlando Magic,,
Miami Heat,,Philadelphia 76ers,,
Portland Trail Blazers,,San Antonio Spurs,,
Oklahoma City Thunder,,Utah Jazz,,
Denver Nuggets,,Phoenix Suns,,
Houston Rockets,,Charlotte Hornets,,
Miami Heat,,Washington Wizards,,
Detroit Pistons,,Indiana Pacers,,
Orlando Magic,,Brooklyn Nets,,
Toronto Raptors,,Boston Celtics,,
Philadelphia 76ers,,Atlanta Hawks,,
Memphis Grizzlies,,Milwaukee Bucks,,
New York Knicks,,New Orleans Pelicans,,
Chicago Bulls,,Dallas Mavericks,,
Golden State Warriors,,Sacramento Kings,,
Phoenix Suns,,Los Angeles Lakers,,
Denver Nuggets,,Utah Jazz,,
Portland Trail Blazers,,Los Angeles Clippers,,
Minnesota Timberwolves,,San Antonio Spurs,,
Atlanta Hawks,,Boston Celtics,,
Philadelphia 76ers,,Brooklyn Nets,,
Detroit Pistons,,Chicago Bulls,,
Charlotte Hornets,,Cleveland Cavaliers,,
Orlando Magic,,Miami Heat,,
Indiana Pacers,,New York Knicks,,
Milwaukee Bucks,,Toronto Raptors,,
Houston Rockets,,Washington Wizards,,
San Antonio Spurs,,Dallas Mavericks,,
Sacramento Kings,,Denver Nuggets,,
Utah Jazz,,Los Angeles Lakers,,
New Orleans Pelicans,,Minnesota Timberwolves,,
Memphis Grizzlies,,Oklahoma City Thunder,,
Los Angeles Clippers,,Phoenix Suns,,
Golden State Warriors,,Portland Trail Blazers,,
